date,stock_id,Trading_Volume,Trading_money,open,max,min,close,spread,Trading_turnover,Foreign_Investor_diff,Investment_Trust_diff,Margin_Purchase_diff,Short_Sale_diff
2012-05-02,3702,6445344,263500164,40.25,41.5,40.25,40.95,1.05,2979,2360000,20000,-412,301
2012-05-03,3702,4458196,183867030,41.1,41.45,41.0,41.0,0.05,1972,2009000,5797,-622,62
2012-05-04,3702,2844556,116355662,41.2,41.2,40.55,40.7,-0.3,1267,116000,-11000,-130,63
2012-05-07,3702,3578754,141881759,40.0,40.0,39.25,39.95,-0.75,1918,-983000,0,6,-3
2012-05-08,3702,2084455,83528516,40.3,40.3,39.8,40.05,0.1,940,799290,0,-134,42
2012-05-09,3702,4052584,160401307,39.9,39.9,39.45,39.5,-0.55,1736,-1259960,0,132,34
2012-05-10,3702,3817538,149553740,39.3,39.65,38.9,38.9,-0.6,1761,-2713501,300000,228,76
2012-05-11,3702,4365846,167687695,38.9,38.9,38.1,38.55,-0.35,2052,-2078689,239000,219,-127
2012-05-14,3702,2972404,115462616,38.55,39.1,38.4,38.8,0.25,1810,288000,250000,-336,-19
2012-05-15,3702,2952401,113816833,38.45,38.8,38.4,38.45,-0.35,1535,-2004000,208000,453,137
2012-05-16,3702,4248839,160689434,38.45,38.55,37.2,37.2,-1.25,2557,-1883000,-9000,359,-11
2012-05-17,3702,2210537,83159152,37.9,37.9,37.35,37.75,0.55,1305,-76000,0,97,-13
2012-05-18,3702,5392878,198016511,37.1,37.1,36.3,36.35,-1.4,2581,-2181000,-43000,-194,-59
2012-05-21,3702,2737403,100332228,36.6,36.85,36.5,36.65,0.3,1136,200000,-711000,37,-364
2012-05-22,3702,19563490,698428952,36.35,36.7,34.55,36.4,-0.25,6570,-840230,-384000,-81,-269
2012-05-23,3702,4526163,161991666,36.3,36.3,35.2,35.4,-1.0,2137,-1646180,-416000,16,287
2012-05-24,3702,4471443,156937055,35.4,35.8,34.6,34.95,-0.45,1665,-1120000,-817000,374,126
2012-05-25,3702,3370130,116004860,35.2,35.25,34.1,34.15,-0.8,1554,36000,-429000,331,-12
2012-05-28,3702,1797155,61541017,34.2,34.6,33.65,34.5,0.35,896,-362540,0,-63,161
2012-05-29,3702,3126919,111202634,34.75,36.05,34.55,35.9,1.4,1425,-539000,3000,-152,286
2012-05-30,3702,4738092,169829264,36.5,36.5,35.3,35.6,-0.3,2293,-1240380,-4787,66,-6
2012-05-31,3702,3381767,119463993,35.15,35.6,34.8,35.6,0.0,1786,-268475,-100000,-47,-36
2012-06-01,3702,3341286,116188950,35.2,35.5,34.35,34.35,-1.25,1998,-1679561,-1000,276,-205
2012-06-04,3702,2858688,95093961,33.1,33.75,32.85,33.25,-1.1,1622,434818,9000,-349,-60
2012-06-05,3702,2102011,71661659,35.15,35.15,33.6,33.8,0.55,1225,-95000,6000,-62,150
2012-06-06,3702,1340876,45921862,34.5,34.55,33.95,34.15,0.35,859,-182000,0,17,-2
2012-06-07,3702,2786884,95951651,34.9,34.9,34.0,34.4,0.25,1613,-348450,0,36,14
2012-06-08,3702,1710960,58801968,34.3,34.7,34.0,34.3,-0.1,1116,-184819,-57000,-39,32
2012-06-11,3702,2754677,96054449,34.8,35.25,34.6,35.0,0.7,1436,657802,-34000,56,15
2012-06-12,3702,3482000,119786700,34.8,34.8,34.15,34.45,-0.55,1790,-306000,50000,333,17
2012-06-13,3702,4092177,142729395,34.6,35.2,34.45,35.15,0.7,2134,269818,46000,-687,7
2012-06-14,3702,1906625,66817576,35.15,35.15,34.8,35.1,-0.05,1165,-215362,22000,4,10
2012-06-15,3702,10031951,368157314,35.2,37.5,35.0,37.5,2.4,2319,1662591,0,-706,14
2012-06-18,3702,5996308,221043368,37.4,37.4,36.45,36.6,-0.9,2779,-2138526,-50000,481,148
2012-06-19,3702,3426798,123188566,36.4,36.5,35.7,35.75,-0.85,1932,-1334272,-200000,541,-6
2012-06-20,3702,3469828,124548634,36.35,36.4,35.75,36.05,0.3,1596,-1100374,0,337,8
2012-06-21,3702,2251384,80680874,35.9,36.1,35.7,35.7,-0.35,1056,-915061,0,303,-13
2012-06-22,3702,2774543,97292404,35.1,35.25,34.9,35.0,-0.7,1525,-1629192,0,404,-58
2012-06-25,3702,6916682,242037472,34.7,35.35,34.4,35.0,0.0,3019,-3056090,-23000,1522,-26
2012-06-26,3702,3080522,107122416,35.0,35.0,34.65,34.75,-0.25,1334,-641000,-1458,-326,-24
2012-06-27,3702,2652188,92359575,35.0,35.05,34.65,34.8,0.05,1274,290280,0,-62,50
2012-06-28,3702,3218980,111545746,35.05,35.15,34.45,34.45,-0.35,1480,-1198800,-9000,308,14
2012-06-29,3702,2603160,90499757,34.5,34.9,34.45,34.85,0.4,1297,-3926,-257000,-109,35
2012-07-02,3702,3354571,117622965,35.0,35.3,34.9,34.9,0.05,1669,-1486000,-4000,255,8
2012-07-03,3702,8315134,294650104,35.0,35.85,34.95,35.25,0.35,3172,-3924260,4000,1499,33
2012-07-04,3702,4532232,161587448,35.5,35.8,35.35,35.7,0.45,2308,1166052,0,-716,25
2012-07-05,3702,2851568,102240707,35.9,36.2,35.6,35.7,0.0,1305,504750,-488000,95,0
2012-07-06,3702,2293918,82039506,35.75,36.0,35.55,35.95,0.25,957,421000,294000,-78,0
2012-07-09,3702,1693225,60504382,35.9,35.9,35.5,35.7,-0.25,804,484000,60000,41,20
2012-07-10,3702,2644292,94166549,35.95,35.95,35.25,35.45,-0.25,1160,925000,0,-60,-19
2012-07-11,3702,2334426,83119246,35.3,35.8,35.25,35.8,0.35,1005,765000,0,-64,5
2012-07-12,3702,3225821,114424647,35.8,35.95,35.25,35.25,-0.55,1975,-150000,0,5,18
2012-07-13,3702,2306756,81956503,35.25,35.65,35.25,35.6,0.35,1007,42742,57000,-317,-4
2012-07-16,3702,2764331,98461262,35.8,35.85,35.45,35.6,0.0,881,321000,0,-547,6
2012-07-17,3702,7952199,283357859,35.65,36.1,35.4,35.55,-0.05,1598,405000,-16000,-68,18
2012-07-18,3702,3485222,123590206,35.6,35.75,35.1,35.3,-0.25,1715,-401000,0,-39,32
2012-07-19,3702,4525851,160099727,35.7,35.7,35.35,35.45,0.15,1099,176000,0,128,63
2012-07-20,3702,7225126,254444603,35.5,35.55,35.1,35.15,-0.3,914,-318952,0,-215,0
2012-07-23,3702,15785402,531885484,34.9,34.95,33.25,33.6,-1.55,3167,-2673430,0,-757,0
2012-07-24,3702,21034333,688470197,33.2,33.4,32.55,32.6,-1.0,3647,-2804000,63000,-902,0
2012-07-25,3702,28660128,881573638,30.0,31.25,30.0,30.85,0.0,3509,-451000,300000,585,-380
2012-07-26,3702,6669348,205604897,31.15,31.3,30.55,30.6,-0.25,2122,-1353535,10000,431,-19
2012-07-27,3702,6027552,187092912,30.85,31.35,30.85,31.35,0.75,1896,670000,0,-170,-7
2012-07-30,3702,4069885,129991629,31.9,32.2,31.7,31.8,0.45,1560,-525858,0,174,63
2012-07-31,3702,6023067,193701226,31.9,32.15,31.65,31.9,0.1,1555,531002,0,-52,45
2012-08-01,3702,7947868,256934727,32.2,32.6,31.8,32.25,0.35,3311,-4102999,1269000,275,54
2012-08-03,3702,3143617,101381338,32.0,32.4,31.95,32.35,0.1,1641,190372,347000,204,-76
2012-08-06,3702,6294647,207666960,32.95,33.3,32.75,32.8,0.45,2462,-112400,486000,-197,-51
2012-08-07,3702,5223733,170976465,32.8,33.2,32.35,32.65,-0.15,1890,97000,292000,133,-69
2012-08-08,3702,3252366,106196025,33.0,33.0,32.35,32.4,-0.25,1711,-264818,21000,-122,38
2012-08-09,3702,8118647,268943812,32.7,33.45,32.7,33.35,0.95,2831,481000,743000,-541,-3
2012-08-10,3702,5256615,175834655,33.5,33.6,33.2,33.5,0.15,1903,-496000,287000,-178,31
2012-08-13,3702,4756911,158802589,34.0,34.0,33.15,33.25,-0.25,1758,-1158000,406000,217,37
2012-08-14,3702,3734402,125523519,33.25,33.8,33.25,33.55,0.3,1988,225000,98000,-517,-16
2012-08-15,3702,2688583,89789797,33.75,33.75,33.2,33.3,-0.25,1472,233000,-55000,-72,0
2012-08-16,3702,5455056,185928426,33.7,34.3,33.65,34.0,0.7,3052,707000,47000,-503,2
2012-08-17,3702,9976994,347896374,34.5,35.2,34.3,35.0,1.0,3774,4775000,-3289,-578,-119
2012-08-20,3702,3329683,115968604,35.25,35.5,34.5,34.8,-0.2,1473,-127000,-305000,410,12
2012-08-21,3702,4793182,169323235,35.1,35.8,34.95,35.0,0.2,2192,1289840,-1000,-627,-20
2012-08-22,3702,2837736,99532093,35.0,35.4,34.8,35.3,0.3,1687,1006031,-1000,-71,-2
2012-08-23,3702,8510640,306471496,35.5,36.45,35.4,36.2,0.9,3842,2979369,0,-854,-93
2012-08-24,3702,4451121,161229515,36.0,36.6,35.9,36.3,0.1,1919,5000,50000,54,45
2012-08-27,3702,2533149,91936402,36.5,36.75,36.0,36.2,-0.1,1494,577000,-2000,-14,-14
2012-08-28,3702,4784708,169949529,36.05,36.1,34.95,35.5,-0.7,2085,1318572,50000,-217,4
2012-08-29,3702,2669618,95023381,35.4,35.8,35.4,35.5,0.0,1643,200285,-3000,46,38
2012-08-30,3702,3926572,138174338,35.25,35.4,34.9,35.25,-0.25,1938,-609000,-182000,205,19
2012-08-31,3702,4461483,158384071,35.5,35.85,35.3,35.3,0.05,1626,293702,38000,316,-17
2012-09-03,3702,3021100,108275512,35.3,36.15,35.2,36.1,0.8,1609,1515219,98000,-494,-66
2012-09-04,3702,1697754,61677276,36.5,36.55,36.1,36.3,0.2,1020,243000,39000,-24,-6
2012-09-05,3702,2314120,82589374,36.0,36.0,35.45,35.8,-0.5,1423,-930990,429000,121,-2
2012-09-06,3702,2977520,105480560,35.9,35.9,35.1,35.15,-0.65,1368,-625000,143000,298,61
2012-09-07,3702,3058285,109400364,36.0,36.0,35.6,35.75,0.6,1692,688064,-161000,-224,9
2012-09-10,3702,2550462,92092235,36.1,36.25,35.75,36.05,0.3,1364,277640,120000,-264,-8
2012-09-11,3702,6101409,225036905,36.35,37.4,36.1,37.1,1.05,2748,1368984,11000,-49,-34
2012-09-12,3702,11212812,427574231,37.5,38.6,37.5,38.6,1.5,4833,3681000,-478000,614,-202
2012-09-13,3702,7531363,287807444,38.55,38.65,38.05,38.2,-0.4,3009,2741449,-1325040,157,26
2012-09-14,3702,7494447,286404609,38.75,38.75,38.0,38.15,-0.05,3239,3008285,0,-191,51
2012-09-17,3702,5767948,220685038,38.6,38.6,38.05,38.5,0.35,2417,3463200,101000,-608,-43
2012-09-18,3702,5899863,224265939,38.5,38.55,37.85,38.0,-0.5,2387,1205990,-38000,517,39
2012-09-19,3702,5426753,205013651,38.0,38.2,37.55,38.0,0.0,2247,2683000,5000,1,73
2012-09-20,3702,3973249,149985152,38.1,38.15,37.6,37.9,-0.1,1630,1684684,-167000,27,34
2012-09-21,3702,5222974,198589027,38.0,38.5,37.6,38.5,0.6,2290,502000,1750000,-11,1
2012-09-24,3702,11361481,447548840,38.75,40.5,38.4,40.0,1.5,4878,5620000,255000,-561,-257
2012-09-25,3702,8108596,322997129,40.5,40.65,39.25,39.5,-0.5,3441,3241490,140000,570,108
2012-09-26,3702,4498201,174720584,39.2,39.45,38.6,38.8,-0.7,2115,1334000,-2000,133,0
2012-09-27,3702,4238730,165879022,38.6,39.35,38.6,39.25,0.45,2056,2486078,1000,-260,-29
2012-09-28,3702,3612579,140963031,39.4,39.55,38.85,39.0,-0.25,1374,1420296,-686000,110,-29
2012-10-01,3702,6228083,248407026,39.4,40.4,39.4,39.8,0.8,2843,4343400,-330000,-498,-92
2012-10-02,3702,5092750,202118371,40.05,40.15,39.45,39.6,-0.2,2357,2184379,-2000,181,8
2012-10-03,3702,3398930,133111870,39.9,39.9,38.95,39.0,-0.6,1360,1180881,70000,280,81
2012-10-04,3702,4430928,173750107,39.2,39.4,39.0,39.25,0.25,2101,2907000,-90000,-118,-43
2012-10-05,3702,3802200,149587089,39.5,39.65,39.0,39.4,0.15,1604,1881575,-101000,95,-23
2012-10-08,3702,4075557,160138145,39.8,39.8,38.95,39.45,0.05,1621,2869200,-100000,-1,-8
2012-10-09,3702,4882767,192180529,39.75,39.95,38.95,39.2,-0.25,2327,2326000,-100000,38,-47
2012-10-11,3702,3626585,137219278,38.45,38.5,37.45,37.45,-1.75,2120,-506762,-112000,129,-73
2012-10-12,3702,3783806,141181698,37.65,38.0,36.8,37.55,0.1,1849,1342936,0,-61,32
2012-10-15,3702,4069368,151210766,37.15,37.55,36.95,36.95,-0.6,1441,920000,0,79,14
2012-10-16,3702,3386642,127517267,37.3,37.9,37.3,37.9,0.95,1560,980428,0,-264,-106
2012-10-17,3702,6715416,260255782,38.5,39.2,38.25,38.9,1.0,2647,3982570,2000,-438,-144
2012-10-18,3702,3071194,118376923,39.0,39.1,38.2,38.4,-0.5,1335,398050,-19000,105,26
2012-10-19,3702,4323489,168013960,38.85,39.0,38.1,39.0,0.6,1982,2505000,0,-704,-235
2012-10-22,3702,3060892,116429920,38.1,38.45,37.85,38.05,-0.95,1419,-1056406,0,270,172
2012-10-23,3702,1521753,57512056,37.85,38.05,37.55,37.55,-0.5,1026,-314477,-183500,148,68
2012-10-24,3702,2274700,85533893,37.25,37.85,37.15,37.65,0.1,1127,-205198,-201000,0,12
2012-10-25,3702,3937023,147040095,37.85,37.85,37.15,37.55,-0.1,1625,-21000,0,26,-18
2012-10-26,3702,3879324,140427819,37.25,37.55,35.5,35.5,-2.05,1945,-400160,2000,-279,70
2012-10-29,3702,2595684,92761980,35.7,36.25,35.25,35.5,0.0,1316,454757,-9500,-79,-18
2012-10-30,3702,2381355,85520194,35.8,36.3,35.65,35.65,0.15,1572,-596000,0,145,15
2012-10-31,3702,2143350,75697637,35.9,35.9,34.9,35.3,-0.35,1172,-357000,0,100,-136
2012-11-01,3702,2898594,101024939,35.05,35.5,34.35,35.5,0.2,1547,-389000,0,-42,171
2012-11-02,3702,2350759,83026133,35.9,35.9,34.85,34.85,-0.65,1202,-895000,1000,163,9
2012-11-05,3702,3330128,114142726,34.55,34.6,34.05,34.35,-0.5,1718,-56000,0,-5,-144
2012-11-06,3702,2672220,92127057,34.5,34.6,34.25,34.5,0.15,1544,-471000,0,46,89
2012-11-07,3702,2888382,101159611,34.6,35.45,34.6,35.25,0.75,1698,-137000,266000,-235,101
2012-11-08,3702,2806392,98167520,35.2,35.2,34.7,35.05,-0.2,1564,97100,13000,25,3
2012-11-09,3702,4624505,160739419,34.65,35.25,34.4,35.2,0.15,2167,-1879345,1000,296,151
2012-11-12,3702,2731944,96786293,35.05,35.75,35.0,35.75,0.55,1681,975000,-2000,-196,-54
2012-11-13,3702,2634809,92799560,35.8,35.85,35.0,35.3,-0.45,1500,-113000,0,165,-67
2012-11-14,3702,2382275,85199229,35.5,36.0,35.5,35.8,0.5,1436,1014000,0,-241,-54
2012-11-15,3702,2079738,74284531,35.8,35.85,35.3,35.85,0.05,1368,602000,0,-177,-44
2012-11-16,3702,1996290,71533687,35.95,36.2,35.55,36.0,0.15,1320,218893,0,-57,-11
2012-11-19,3702,1564847,56177478,36.15,36.2,35.75,35.85,-0.15,872,384000,0,-16,-9
2012-11-20,3702,1763471,63532713,36.1,36.2,35.8,36.2,0.35,823,1151500,0,-158,15
2012-11-21,3702,2906740,103381834,36.2,36.25,34.85,35.9,-0.3,1658,-70970,0,73,-64
2012-11-22,3702,1553649,55804660,35.95,36.1,35.6,35.9,0.0,983,1128000,-4000,-294,-153
2012-11-23,3702,2998365,109886161,36.2,37.0,36.15,37.0,1.1,1839,2129000,0,-343,123
2012-11-26,3702,2525228,95006433,37.5,37.9,37.2,37.9,0.9,1475,1089000,79000,-205,91
2012-11-27,3702,2416485,91782121,38.0,38.25,37.5,38.1,0.2,1425,1140940,-250000,-234,-79
2012-11-28,3702,1812645,68602166,38.1,38.1,37.65,38.0,-0.1,1077,525500,-274000,24,50
2012-11-29,3702,3851631,145991283,38.3,38.35,37.5,37.5,-0.5,1908,520237,-480000,146,24
2012-11-30,3702,4184177,159773776,37.95,38.45,37.7,38.45,0.95,2208,2868905,-341000,-446,-40
2012-12-03,3702,3749811,145855915,38.7,39.15,38.5,38.85,0.4,1886,2060279,-350000,-226,-85
2012-12-04,3702,2339447,90936565,38.55,39.1,38.55,39.05,0.2,1402,633458,-351000,9,-46
2012-12-05,3702,3223082,126064614,39.05,39.3,38.75,39.15,0.1,1604,1193000,-1000,-294,32
2012-12-06,3702,2382671,93205319,39.15,39.3,38.9,39.2,0.05,1192,1088000,-200000,-166,-23
2012-12-07,3702,2852246,112011480,39.3,39.65,38.8,39.0,-0.2,1602,671481,-264000,90,-22
2012-12-10,3702,3526827,137506261,39.0,39.2,38.75,39.05,0.05,1069,1215000,-217000,-127,13
2012-12-11,3702,2419349,94186182,39.1,39.15,38.7,39.0,-0.05,1235,843599,0,-96,-3
2012-12-12,3702,4449091,174060075,39.05,39.25,38.95,39.1,0.1,1573,1726000,0,-29,8
2012-12-13,3702,4214265,165490936,39.1,39.4,39.05,39.3,0.2,1479,1361196,-1000,5,22
2012-12-14,3702,3897889,151996991,39.3,39.3,38.8,38.8,-0.5,1523,-898800,0,90,-4
2012-12-17,3702,3139993,121052567,38.7,38.75,38.3,38.65,-0.15,1684,-437440,0,-214,38
2012-12-18,3702,2535359,98170725,38.65,38.85,38.5,38.85,0.2,1183,527000,0,21,1
2012-12-19,3702,2214456,85808309,38.85,38.85,38.6,38.75,-0.1,1194,-479160,0,-24,14
2012-12-20,3702,2748315,106432191,38.75,38.8,38.4,38.8,0.05,1022,-1143000,-5200,-41,-23
2012-12-21,3702,3080455,117967300,38.7,38.75,38.1,38.1,-0.7,1387,-1223532,-26000,45,-6
2012-12-22,3702,293348,11209152,38.15,38.3,38.15,38.2,0.1,220,1000,-5000,58,13
2012-12-24,3702,645364,24639782,38.5,38.5,38.0,38.2,0.0,415,139000,0,62,-12
2012-12-25,3702,1396763,53168811,38.0,38.35,37.8,38.25,0.05,837,289000,-241000,79,58
2012-12-26,3702,1058407,40668516,38.25,38.55,38.2,38.5,0.25,757,521765,0,-172,40
2012-12-27,3702,1543158,58921151,38.3,38.45,38.0,38.35,-0.15,1006,-18266,-356000,227,80
2012-12-28,3702,2550359,97023304,38.35,38.35,37.85,38.0,-0.35,1119,-610000,0,93,9
2013-01-02,3702,2266357,88162781,38.35,39.2,38.1,39.1,1.1,1316,1661000,0,-394,-1
2013-01-03,3702,2130743,83643028,39.2,39.35,39.15,39.3,0.2,1177,900000,-2000,-81,170
2013-01-04,3702,2016696,78561156,39.3,39.3,38.7,38.95,-0.35,1130,-32000,-4000,99,57
2013-01-07,3702,2141338,82468031,38.95,39.1,38.3,38.35,-0.6,1203,-888900,-185000,105,49
2013-01-08,3702,2129532,81715027,38.1,38.65,38.1,38.65,0.3,1127,119051,-3000,-31,10
2013-01-09,3702,1224320,47358424,38.6,38.95,38.4,38.4,-0.25,846,-149000,0,-122,20
2013-01-10,3702,4893281,192562977,38.9,39.8,38.7,39.8,1.4,2360,2679000,0,-482,-67
2013-01-11,3702,3120790,123889318,39.8,39.8,39.5,39.8,0.0,1522,302000,1000,2,5
2013-01-14,3702,3154471,124855059,39.6,39.8,39.15,39.8,0.0,1612,256397,0,-70,13
2013-01-15,3702,1672971,66027595,39.8,39.8,39.2,39.35,-0.45,1074,60000,1000,-77,36
2013-01-16,3702,2468431,96373085,39.2,39.35,38.5,38.85,-0.5,1595,-268000,-103000,-16,-5
2013-01-17,3702,2561760,100153970,38.85,39.4,38.6,38.8,-0.05,1754,880900,10916,-279,-40
2013-01-18,3702,3786657,148714472,38.95,39.5,38.95,39.3,0.5,1161,665000,0,-31,-42
2013-01-21,3702,1429786,55977300,39.3,39.35,38.85,39.05,-0.25,923,-198000,-8000,88,5
2013-01-22,3702,2534277,99816926,39.2,39.75,38.85,39.7,0.65,1296,1121170,0,-137,-37
2013-01-23,3702,1600931,63316912,39.7,39.75,39.35,39.6,-0.1,875,578613,-2000,-119,-10
2013-01-24,3702,1809377,70865484,39.15,39.45,38.8,39.4,-0.2,1144,-246000,-99000,68,39
2013-01-25,3702,1969879,76684933,39.05,39.3,38.7,39.1,-0.3,1157,-410000,-2000,-41,31
2013-01-28,3702,1246111,48630508,38.75,39.2,38.75,39.1,0.0,825,226000,0,-163,0
2013-01-29,3702,1826172,71824544,39.2,39.5,39.1,39.5,0.4,1132,805000,0,-88,61
2013-01-30,3702,6551264,261282199,39.5,40.15,39.5,40.05,0.55,2599,3432000,0,263,-44
2013-01-31,3702,3521438,140312476,40.05,40.1,39.7,39.7,-0.35,1663,663470,2000,-30,29
2013-02-01,3702,1881729,75020906,39.9,39.95,39.75,39.95,0.25,1080,1068000,-31000,-48,-5
2013-02-04,3702,13574976,514094519,39.9,39.9,37.2,37.2,-2.75,6012,-7756000,-123000,1149,-153
2013-02-05,3702,7287411,264784127,37.0,37.0,36.0,36.2,-1.0,3875,-2309000,-173000,472,317
2013-02-06,3702,13769388,485166884,36.2,36.2,34.95,35.0,-1.2,6068,-8801252,94000,1189,185
2013-02-18,3702,12144515,424462754,35.1,35.35,34.4,34.5,-0.5,3358,-2528966,-300000,411,10
2013-02-19,3702,15801609,553009516,34.6,35.2,34.55,35.05,0.55,4220,-5173591,-3000,924,10
2013-02-20,3702,8783993,306362485,35.05,35.1,34.7,34.8,-0.25,3836,-3982662,0,394,-30
2013-02-21,3702,18303168,619946862,34.55,34.7,33.5,33.7,-1.1,7061,-12270949,-4000,1672,-42
2013-02-22,3702,9106968,311667325,33.7,34.45,33.65,34.3,0.6,4400,-2245000,-6000,-398,-80
2013-02-23,3702,5171775,180554042,34.6,35.15,34.5,35.05,0.75,2255,16000,-3000,-533,-45
2013-02-25,3702,11591402,405112395,35.3,35.5,34.6,34.75,-0.3,4995,-4938708,0,281,-40
2013-02-26,3702,13049971,444062034,34.5,34.5,33.8,33.85,-0.9,5110,-10320507,-1000,1391,-67
2013-02-27,3702,17898655,608281922,33.85,34.45,33.65,33.7,-0.15,6078,-11721174,0,1773,117
2013-03-01,3702,7206917,243963870,34.0,34.15,33.7,33.8,0.1,3111,-2335000,0,286,-2
2013-03-04,3702,6311006,213054828,34.1,34.1,33.6,33.85,0.05,3127,-2236000,0,397,28
2013-03-05,3702,5709040,194297234,34.0,34.25,33.7,34.05,0.2,2653,-1731000,0,49,77
2013-03-06,3702,10030613,342393993,34.1,34.45,33.75,33.75,-0.3,4244,-5285665,0,990,8
2013-03-07,3702,6758472,228692694,33.75,34.05,33.7,33.85,0.1,3432,-2358929,-8000,492,-25
2013-03-08,3702,7275552,247193138,33.95,34.15,33.85,34.0,0.15,2714,-2299200,-1000,423,-5
2013-03-11,3702,13129655,441259357,34.0,34.2,33.25,33.3,-0.7,4972,-6967000,-1000,1210,-11
2013-03-12,3702,8584647,289493249,33.35,33.9,33.35,33.8,0.5,4097,619439,0,-339,0
2013-03-13,3702,10757883,366268527,33.9,34.3,33.85,34.15,0.35,3862,-4067455,96000,369,19
2013-03-14,3702,5634464,191115267,34.2,34.2,33.7,33.7,-0.45,2520,-2907621,-3000,-86,-4
2013-03-15,3702,9015700,300595167,33.7,33.85,33.1,33.2,-0.5,4155,-4716286,640000,302,-124
2013-03-18,3702,4306291,143267562,33.1,33.45,33.05,33.25,0.05,2636,-1946321,141000,-91,11
2013-03-19,3702,9323444,311493239,33.25,33.65,33.2,33.25,0.0,3815,-3803000,254500,397,-4
2013-03-20,3702,8081717,266721800,33.1,33.25,32.85,32.85,-0.4,4418,-4822444,125000,622,-3
2013-03-21,3702,3876498,127784636,32.9,33.2,32.75,32.9,0.05,2091,-1008460,61000,17,1
2013-03-22,3702,14030779,474332658,33.0,34.1,33.0,33.6,0.7,6695,185465,268000,-291,47
2013-03-25,3702,5572151,189731916,34.0,34.15,33.95,34.05,0.45,2701,131000,200000,-347,78
2013-03-26,3702,6532548,223545492,34.1,34.45,33.9,34.2,0.15,3141,-504650,0,256,67
2013-03-27,3702,3552659,121521653,34.5,34.5,34.1,34.1,-0.1,1594,-202000,30000,-355,4
2013-03-28,3702,3446749,117451723,34.1,34.3,33.9,33.9,-0.2,1584,-1170000,0,-280,-3
2013-03-29,3702,3097022,106013642,34.25,34.35,34.0,34.3,0.4,1345,-51000,0,-665,26
2013-04-01,3702,3308271,113026496,34.3,34.35,34.0,34.05,-0.25,1565,-359910,171000,-360,7
2013-04-02,3702,12305395,427621869,34.2,35.0,34.2,35.0,0.95,4354,3474000,0,-576,-22
2013-04-03,3702,9006363,314124465,35.2,35.35,34.6,34.8,-0.2,3730,-981000,285000,729,28
2013-04-08,3702,9497910,319446399,34.35,34.35,33.35,33.65,-1.15,4108,-2966000,120000,569,44
2013-04-09,3702,6318375,211210073,33.5,33.85,33.05,33.2,-0.45,2837,-2283519,-104000,648,81
2013-04-10,3702,6524015,219811598,33.5,33.85,33.5,33.75,0.55,3354,463000,100000,-252,10
2013-04-11,3702,13818917,476887013,34.0,35.15,34.0,35.15,1.4,5041,1178783,960000,-268,54
2013-04-12,3702,9330794,326891657,35.75,35.75,34.45,34.75,-0.4,3682,-1120000,599000,347,84
2013-04-15,3702,3980425,136007473,34.25,34.5,33.95,34.2,-0.55,1709,-895145,-2000,-938,0
2013-04-16,3702,2800907,95367747,33.55,34.4,33.55,34.3,0.1,1383,-205163,0,-301,0
2013-04-17,3702,4358553,149852091,34.3,34.8,34.1,34.7,0.4,2101,-965000,139000,-298,0
2013-04-18,3702,4503318,154577411,34.15,34.6,34.05,34.05,-0.65,1771,-462000,0,475,-25
2013-04-19,3702,4645731,160479167,34.5,34.7,34.25,34.6,0.55,2264,37000,402567,16,7
2013-04-22,3702,11623558,409096375,35.1,35.5,34.8,34.9,0.3,5338,-3101000,1594551,582,-24
2013-04-23,3702,12782254,452341372,35.05,35.75,35.05,35.3,0.4,5822,-4140852,2217000,559,-61
2013-04-24,3702,9345278,332498447,35.5,35.75,35.4,35.4,0.1,3798,-1242000,1144000,-153,-59
2013-04-25,3702,8653529,305786319,35.5,35.7,34.95,35.05,-0.35,3748,-2911000,233000,1303,75
2013-04-26,3702,8211532,290987894,35.3,35.6,35.25,35.25,0.2,3271,-408000,235000,-1022,-5
2013-04-29,3702,4188800,147721450,35.3,35.5,35.15,35.25,0.0,1645,-137000,-3000,-180,18
2013-04-30,3702,8299150,295093541,35.5,35.85,35.35,35.55,0.3,2978,-563000,290000,-469,-8
2013-05-02,3702,12949733,466868538,35.75,36.3,35.7,36.1,0.55,5555,-1336553,668000,621,-3
2013-05-03,3702,18182724,670590725,36.5,37.2,36.25,36.65,0.55,7641,-1246000,1344000,-895,-123
2013-05-06,3702,14475340,524833222,36.7,36.85,35.75,35.8,-0.85,6065,-3588357,724000,-102,65
2013-05-07,3702,14401481,508130563,35.8,36.0,34.95,35.1,-0.7,5796,-4242021,-422000,1403,38
2013-05-08,3702,10120908,356068435,35.3,35.55,35.0,35.15,0.05,4346,-2274330,-1598000,374,-29
2013-05-09,3702,7885113,278990473,35.2,35.55,35.05,35.55,0.4,3619,1957910,-682000,-144,-4
2013-05-10,3702,9528249,334909374,35.65,35.65,34.9,35.15,-0.4,4175,-38000,-3651000,734,27
2013-05-13,3702,3808546,134186958,35.2,35.35,35.0,35.35,0.2,1859,200000,-6000,-169,-17
2013-05-14,3702,4010342,141820147,35.35,35.45,35.2,35.45,0.1,2338,13000,444000,-463,42
2013-05-15,3702,8990455,321534269,35.55,36.05,35.45,35.85,0.4,4208,-543000,28000,-396,8
2013-05-16,3702,7191395,258506978,36.1,36.1,35.75,35.9,0.05,2730,1045000,331000,-844,6
2013-05-17,3702,6503446,235762805,36.15,36.45,36.05,36.25,0.35,3002,623000,28000,-458,-2
2013-05-20,3702,3969051,143280153,36.3,36.3,35.85,35.85,-0.4,2214,-961000,-3000,-124,5
2013-05-21,3702,4036097,145417522,35.8,36.2,35.8,36.1,0.25,2234,723567,0,-259,-8
2013-05-22,3702,4811954,174782015,36.1,36.45,36.05,36.35,0.25,2531,-120717,-15000,-324,-2
2013-05-23,3702,5726524,204599892,36.15,36.15,35.45,35.5,-0.85,3007,-1646000,-3000,50,17
2013-05-24,3702,5873894,208744712,35.5,35.75,35.35,35.7,0.2,2722,2079296,-274000,-818,-21
2013-05-27,3702,2594302,92428780,35.85,35.85,35.5,35.6,-0.1,1179,-114437,-81000,154,4
2013-05-28,3702,3851580,136868487,35.45,35.65,35.45,35.55,-0.05,1380,-458678,-20000,-79,10
2013-05-29,3702,5629559,201662049,35.8,36.0,35.55,36.0,0.45,1862,1964000,-1259000,-426,7
2013-05-30,3702,7347597,264324087,36.0,36.45,35.55,35.6,-0.4,2730,147000,1000,672,2
2013-05-31,3702,4068469,145622549,36.0,36.0,35.6,35.95,0.35,1539,1294866,0,-313,-1
2013-06-03,3702,5033127,181074403,35.55,36.2,35.5,36.15,0.2,2166,1266000,-112000,-315,2
2013-06-04,3702,4495727,161979422,36.15,36.2,35.85,36.15,0.0,1883,366000,0,-124,-6
2013-06-05,3702,3566142,128045472,36.0,36.1,35.75,36.0,-0.15,1620,-473815,-165000,-55,8
2013-06-06,3702,6172594,219760035,35.65,35.75,35.5,35.65,-0.35,2316,317332,0,-27,-12
2013-06-07,3702,8730547,304395629,35.65,35.65,34.3,34.55,-1.1,3591,-1691205,-370000,-17,-180
2013-06-10,3702,2268369,79204287,34.7,35.1,34.7,34.85,0.3,1402,-135000,-5000,-191,83
2013-06-11,3702,2354698,82122169,35.0,35.2,34.65,34.65,-0.2,1070,-771343,-67000,108,-10
2013-06-13,3702,5048822,172624474,34.6,34.6,33.9,34.3,-0.35,2412,-546270,-129000,-458,-87
2013-06-14,3702,5576197,189895448,34.3,34.5,33.7,33.8,-0.5,2302,-1826987,0,-75,108
2013-06-17,3702,5220095,178376041,33.8,34.5,33.8,34.2,0.4,2273,-1520872,0,227,-6
2013-06-18,3702,5868621,199964472,34.3,34.35,33.85,34.2,0.0,2391,-3569000,-1000,-72,-23
2013-06-19,3702,4948712,169334565,34.35,34.5,34.0,34.3,0.1,1772,-2637000,0,-6,9
2013-06-20,3702,8089755,273177651,34.0,34.05,33.5,33.8,-0.5,3432,-3722891,0,471,24
2013-06-21,3702,8718099,295666851,33.0,34.65,33.0,34.35,0.55,3174,139942,14000,-457,-125
2013-06-24,3702,4773968,164175186,34.35,34.7,34.0,34.45,0.1,2375,-1343000,0,-174,-3
2013-06-25,3702,5766883,196916984,34.15,34.5,33.8,33.8,-0.65,2407,-1718000,0,-47,-64
2013-06-26,3702,4417697,152245620,34.5,34.7,34.2,34.7,0.9,1841,827471,-4000,-390,16
2013-06-27,3702,4472711,156520282,34.7,35.1,34.65,35.0,0.3,2011,438000,1000,-233,-87
2013-06-28,3702,4343932,152964988,34.95,35.5,34.75,35.5,0.5,1773,1985670,1000,-395,26
2013-07-01,3702,2779937,98661611,35.3,35.7,35.1,35.5,0.0,1234,122381,-2000,-126,35
2013-07-02,3702,2665821,94266135,35.5,35.6,35.1,35.1,-0.4,1496,-655579,-1000,52,10
2013-07-03,3702,3360981,118700260,34.85,35.5,34.85,35.5,0.4,1527,1454100,0,-341,-17
2013-07-04,3702,3066357,107419918,35.5,35.5,34.75,34.95,-0.55,1248,-1748000,0,531,38
2013-07-05,3702,3090078,108350326,34.95,35.35,34.9,35.35,0.4,1201,-384000,-75000,-48,4
2013-07-08,3702,2925589,102035801,35.2,35.3,34.65,35.0,-0.35,1041,-1108000,0,245,-14
2013-07-09,3702,5327354,184459275,34.9,35.05,34.45,34.45,-0.55,1800,-2557000,-80000,385,21
2013-07-10,3702,6142871,215590599,34.95,35.3,34.85,34.85,0.4,1786,-274443,0,-569,-35
2013-07-11,3702,5520529,196836537,35.2,35.9,35.2,35.9,1.05,2890,2623000,-554,-868,134
2013-07-12,3702,4800000,173294200,36.0,36.3,35.55,36.2,0.3,2173,947000,-11000,-363,94
2013-07-15,3702,8366249,305679223,36.25,36.65,36.15,36.65,0.45,2163,2346028,0,-238,28
2013-07-16,3702,6588563,241349094,36.9,37.0,36.45,36.65,0.0,2140,537219,0,-232,10
2013-07-17,3702,7179944,259313134,36.5,36.7,35.8,36.05,-0.6,3623,-1407000,0,318,14
2013-07-18,3702,8339872,300376721,36.0,36.35,35.85,36.35,0.3,2734,1424000,1000,-154,11
2013-07-19,3702,25849108,937101410,36.3,36.5,35.8,36.3,-0.05,2784,-15777,110000,195,44
2013-07-22,3702,7589058,279079521,36.5,37.15,36.5,37.15,0.85,2703,3480356,0,-904,0
2013-07-23,3702,32231372,1206665211,37.4,38.0,37.2,38.0,0.85,4425,1570000,0,-763,0
2013-07-24,3702,36645374,1383103517,37.9,38.15,37.5,38.0,0.0,4881,-354400,-48000,-1767,0
2013-07-25,3702,73028780,2587797008,35.6,35.9,35.2,35.2,0.0,3393,1429000,0,1049,-31
2013-07-26,3702,10985167,397757255,35.5,37.0,35.5,36.6,1.4,4123,6571000,0,-654,-70
2013-07-29,3702,16300250,596082737,36.95,37.15,36.2,36.5,-0.1,3514,9258000,0,-380,8
2013-07-30,3702,7887418,287119939,36.9,37.0,35.9,35.9,-0.6,2880,71610,-107000,505,35
2013-07-31,3702,15192144,561442856,36.4,37.5,36.1,37.35,1.45,5634,10024500,1000,-1110,-132
2013-08-01,3702,6587152,245691440,37.8,37.8,36.9,37.35,0.0,2853,2112500,100000,496,8
2013-08-02,3702,10173353,379920148,37.55,38.0,36.6,36.6,-0.75,4450,-25000,0,834,15
2013-08-05,3702,6668575,241392900,37.05,37.05,35.85,36.0,-0.6,3070,-1911000,-154000,702,105
2013-08-06,3702,7576626,269893212,35.9,36.3,35.35,35.45,-0.55,3531,-1415000,0,147,19
2013-08-07,3702,6714902,233868563,35.1,35.25,34.5,34.5,-0.95,2880,-1371000,0,42,-37
2013-08-08,3702,5509263,190780874,34.8,34.9,34.35,34.35,-0.15,2624,-2564000,100000,224,10
2013-08-09,3702,4186813,144313242,34.5,34.65,34.3,34.5,0.15,2045,-1016000,0,130,-63
2013-08-12,3702,5702843,198722651,34.7,35.25,34.45,34.9,0.4,2439,-596000,0,-72,-49
2013-08-13,3702,4103348,143742832,35.25,35.35,34.9,34.9,0.0,2220,-940130,369000,239,-1
2013-08-14,3702,3936200,136334959,34.9,34.95,34.4,34.5,-0.4,2433,-1389064,-76000,478,-2
2013-08-15,3702,6583419,224916076,34.2,34.35,33.85,34.2,-0.3,2411,-2416711,2000,262,11
2013-08-16,3702,4509095,155294455,34.1,34.65,34.0,34.4,0.2,2640,-1169840,0,151,-20
2013-08-19,3702,3588606,124035821,34.8,34.8,34.45,34.5,0.1,2103,-782000,2000,350,2
2013-08-20,3702,5200707,179197939,34.7,34.7,34.25,34.5,0.0,2804,259000,0,-265,4
2013-08-22,3702,16156796,561557372,34.3,35.25,34.0,34.85,0.35,6387,-2922394,2000,818,26
2013-08-23,3702,5002537,173549167,35.0,35.0,34.55,34.6,-0.25,2701,-1178000,5000,83,-3
2013-08-26,3702,3519950,121455815,34.9,34.9,34.3,34.35,-0.25,1760,-1215000,7000,10,-31
2013-08-27,3702,4427205,152088449,34.2,34.6,34.15,34.2,-0.15,2020,-180000,0,94,2
2013-08-28,3702,3568166,121415906,34.0,34.15,33.9,34.0,-0.2,1651,-774000,4000,128,4
2013-08-29,3702,1718638,59123222,34.1,34.55,34.1,34.3,0.3,857,385000,0,-204,79
2013-08-30,3702,4603809,157902018,34.3,34.6,34.15,34.4,0.1,2100,-1566765,2000,390,40
2013-09-02,3702,4517980,156081646,34.2,34.7,34.2,34.5,0.1,1967,-688000,0,77,1
2013-09-03,3702,4396085,152138363,34.8,34.8,34.5,34.65,0.15,2002,-442000,3556,160,1
2013-09-04,3702,4691787,163477033,34.65,34.95,34.65,34.85,0.2,2266,8000,0,-222,3
2013-09-05,3702,6954078,244834726,34.95,35.5,34.9,35.45,0.6,3067,-546635,174000,487,4
2013-09-06,3702,4575360,161095250,35.45,35.5,35.0,35.0,-0.45,2217,-550000,2000,-67,0
2013-09-09,3702,4571227,160478378,35.0,35.35,34.65,35.35,0.35,2113,1412700,0,-351,-2
2013-09-10,3702,7174372,256888124,35.7,36.25,35.45,35.65,0.3,3348,593675,0,438,-6
2013-09-11,3702,4065864,143956795,35.65,35.75,35.1,35.7,0.05,1929,904062,8000,-222,-5
2013-09-12,3702,3114680,110949854,35.7,35.8,35.4,35.7,0.0,2011,508759,-2000,-208,0
2013-09-13,3702,2612930,92517753,35.7,35.7,35.3,35.4,-0.3,1426,-293980,-3000,81,2
2013-09-14,3702,1104803,38944364,35.2,35.4,35.15,35.2,-0.2,575,207000,0,-204,3
2013-09-16,3702,3707857,131164549,35.4,35.55,35.2,35.3,0.1,1823,289995,1000,-79,3
2013-09-17,3702,2960417,104816050,35.3,35.55,35.2,35.55,0.25,1402,1387001,-175000,-297,-2
2013-09-18,3702,3032867,107816468,35.65,35.8,35.35,35.45,-0.1,1335,461705,-92000,-36,4
2013-09-23,3702,6444391,226596708,35.45,35.45,35.05,35.1,-0.35,3244,-2587286,-8000,184,4
2013-09-24,3702,4844738,169070678,34.9,35.15,34.7,34.9,-0.2,2125,269674,0,-86,-24
2013-09-25,3702,2622212,92006527,35.1,35.25,35.0,35.1,0.2,1174,248414,-190000,24,11
2013-09-26,3702,2502920,87514940,35.25,35.25,34.75,35.0,-0.1,922,265000,1000,-183,-15
2013-09-27,3702,3221647,112866831,35.2,35.25,34.9,34.9,-0.1,1380,-77868,-234000,100,4
2013-09-30,3702,3038089,105511931,34.75,34.9,34.6,34.8,-0.1,1127,-223369,-320000,134,-3
2013-10-01,3702,3409020,118523727,34.65,35.05,34.6,34.6,-0.2,1632,-1657942,-26000,451,19
2013-10-02,3702,2183118,75769066,34.6,34.9,34.6,34.7,0.1,1217,-701512,-1000,217,3
2013-10-03,3702,9297865,328448685,34.7,35.85,34.7,35.05,0.35,4219,-871172,2000,695,14
2013-10-04,3702,3634259,127513374,35.05,35.35,34.75,35.25,0.2,1793,1202415,0,-237,2
2013-10-07,3702,4607356,160812987,35.2,35.2,34.65,34.65,-0.6,2100,-2002073,0,219,-2
2013-10-08,3702,3342605,115850791,34.65,34.75,34.55,34.7,0.05,1619,-480285,0,200,5
2013-10-09,3702,4119672,143842200,34.95,35.2,34.7,34.7,0.0,2157,-266030,0,443,-1
2013-10-11,3702,3122008,108377415,34.8,35.15,34.5,34.5,-0.2,1377,-110528,-488000,33,7
2013-10-14,3702,1769119,61101122,34.5,34.8,34.45,34.5,0.0,832,286080,0,-351,-6
2013-10-15,3702,1822355,63392318,34.6,34.85,34.6,34.8,0.3,935,607700,0,-146,-6
2013-10-16,3702,7967697,281955320,34.95,35.6,34.95,35.35,0.55,3576,2653000,0,-612,0
2013-10-17,3702,4321605,152990753,35.8,35.8,35.1,35.1,-0.25,2027,-701169,1000,447,10
2013-10-18,3702,4873981,172715556,35.35,35.65,35.1,35.6,0.5,2219,6300,-500,-505,1
2013-10-21,3702,11160658,402215441,35.7,36.4,35.4,36.3,0.7,4509,1839585,0,-370,-11
2013-10-22,3702,4796720,173706929,36.5,36.6,36.0,36.0,-0.3,2196,1076000,-2000,-325,4
2013-10-23,3702,3644427,130925683,36.0,36.2,35.65,35.75,-0.25,1847,94319,0,63,-1
2013-10-24,3702,4183872,148532559,35.7,35.9,35.35,35.5,-0.25,1801,-1725890,0,405,2
2013-10-25,3702,1955034,69214891,35.35,35.5,35.3,35.5,0.0,1121,-171000,0,-128,4
2013-10-28,3702,3213380,114962615,35.55,35.9,35.55,35.8,0.3,1494,1743000,-4000,-170,-1
2013-10-29,3702,5592942,200706102,35.8,36.1,35.45,36.1,0.3,2388,955000,350000,0,-1
2013-10-30,3702,5838563,209931614,36.1,36.3,35.8,35.8,-0.3,2358,-1177087,0,301,2
2013-10-31,3702,3344385,119243081,35.75,35.8,35.5,35.8,0.0,1357,166164,-2000,-121,-318
2013-11-01,3702,9616220,334976527,35.55,35.55,34.5,34.5,-1.3,4187,-3458000,0,-313,160
2013-11-04,3702,8927227,303324916,34.4,34.4,33.85,33.85,-0.65,3719,-5728000,0,333,123
2013-11-05,3702,7559930,254801869,33.6,34.2,33.55,33.65,-0.2,3299,-5215943,0,144,-17
2013-11-06,3702,7084446,237395735,34.05,34.05,33.3,33.3,-0.35,3767,-4166079,0,85,0
2013-11-07,3702,6183211,205287210,33.3,33.6,33.05,33.2,-0.1,2749,-1928000,0,-320,10
2013-11-08,3702,4448920,147676638,33.2,33.4,33.0,33.05,-0.15,1971,-2261172,0,157,-4
2013-11-11,3702,3524493,117272559,33.4,33.5,33.05,33.05,0.0,1517,-856000,0,-328,7
2013-11-12,3702,2414249,80203337,33.4,33.4,33.0,33.4,0.35,1094,-202414,0,-115,-48
2013-11-13,3702,3313203,109881548,33.4,33.4,33.05,33.05,-0.35,1750,-1540381,-2000,-43,-1
2013-11-14,3702,3585289,118680303,33.05,33.35,33.0,33.0,-0.05,1780,-1950917,0,360,-54
2013-11-15,3702,2585680,85984875,33.35,33.35,33.15,33.15,0.15,1354,-609420,0,73,-1
2013-11-18,3702,3642127,121874350,33.3,33.6,33.25,33.5,0.35,1419,-1297000,0,-445,10
2013-11-19,3702,2879863,96455282,33.5,33.65,33.3,33.55,0.05,1383,-1066379,0,-96,-11
2013-11-20,3702,4933713,164400291,33.65,33.7,33.05,33.05,-0.5,2002,-3723443,0,660,11
2013-11-21,3702,5685275,186346422,33.05,33.2,32.6,32.6,-0.45,2768,-2651000,-1000,189,-167
2013-11-22,3702,3994068,131425111,32.6,33.05,32.6,32.75,0.15,1391,-1015304,1000,-160,77
2013-11-25,3702,1692802,55888166,32.9,33.1,32.9,33.0,0.25,975,-494000,-1240,35,25
2013-11-26,3702,4941778,163465574,33.0,33.3,32.85,32.95,-0.05,1357,-1164408,0,-36,71
2013-11-27,3702,3608850,120376894,33.3,33.45,33.1,33.45,0.5,1330,-167073,0,-175,15
2013-11-28,3702,5259032,177845368,33.65,34.0,33.6,34.0,0.55,2552,94410,0,-417,14
2013-11-29,3702,4063206,137811222,34.0,34.15,33.7,33.7,-0.3,1679,-796932,0,-318,22
2013-12-02,3702,3156716,106112944,33.8,33.95,33.35,33.6,-0.1,1292,-1033569,0,364,1
2013-12-03,3702,2053598,68606198,33.5,33.6,33.3,33.3,-0.3,1129,-1176859,0,173,9
2013-12-04,3702,2013368,67652206,33.25,33.75,33.25,33.5,0.2,1101,368000,0,-265,-6
2013-12-05,3702,2845147,95910867,33.65,33.8,33.5,33.7,0.2,1298,-2000,-350000,-133,1
2013-12-06,3702,1752989,59111862,33.55,33.8,33.55,33.7,0.0,786,-494000,0,-34,24
2013-12-09,3702,2687811,90721439,33.8,33.95,33.5,33.7,0.0,1484,-334299,0,-135,12
2013-12-10,3702,3200297,108180578,33.8,33.9,33.6,33.85,0.15,1227,-136581,-1000,84,0
2013-12-11,3702,5425405,182972708,33.85,34.05,33.3,33.5,-0.35,2969,-3246000,-35000,217,0
2013-12-12,3702,2218177,73915330,33.3,33.5,33.2,33.3,-0.2,1377,-1283995,0,326,-6
2013-12-13,3702,2325933,77801099,33.3,33.55,33.25,33.45,0.15,1379,-654000,88000,27,-75
2013-12-16,3702,2618856,87653643,33.5,33.6,33.3,33.35,-0.1,1098,-672450,0,-197,-75
2013-12-17,3702,2569373,85981912,33.4,33.55,33.35,33.35,0.0,1002,-1695000,0,-47,2
2013-12-18,3702,2164252,72140736,33.5,33.55,33.25,33.4,0.05,1119,-675000,0,80,-69
2013-12-19,3702,3407058,113213453,33.4,33.5,33.1,33.1,-0.3,1837,-2060100,0,313,9
2013-12-20,3702,6234468,206466949,33.1,33.4,33.05,33.05,-0.05,1973,-1957041,81000,259,-56
2013-12-23,3702,2677016,89304268,33.35,33.45,33.2,33.45,0.4,1103,-863000,35000,-137,-3
2013-12-24,3702,2113413,70972411,33.5,33.65,33.45,33.55,0.1,1138,18370,-140000,-166,281
2013-12-25,3702,1445613,48628981,33.6,33.7,33.5,33.65,0.1,905,54000,-3000,-214,-3
2013-12-26,3702,1318405,44395847,33.65,33.75,33.6,33.7,0.05,786,107000,0,-70,0
2013-12-27,3702,2834727,95719845,33.7,33.9,33.65,33.8,0.1,1370,-237000,3000,-13,-14
2013-12-30,3702,4215814,143434038,33.9,34.2,33.85,33.95,0.15,1881,419991,-8000,73,5
2013-12-31,3702,6070740,207498640,34.0,34.4,33.9,34.3,0.35,2067,679000,0,250,5
2014-01-02,3702,6852233,238069470,34.4,34.95,34.4,34.8,0.5,2928,508000,-11000,83,-24
2014-01-03,3702,4646501,159946143,34.6,34.8,34.3,34.3,-0.5,1961,-2128000,-2000,339,8
2014-01-06,3702,3670592,125537745,34.35,34.55,34.05,34.2,-0.1,1554,-897671,0,173,-4
2014-01-07,3702,2722546,93340099,34.3,34.45,34.1,34.1,-0.1,1338,-1211000,0,215,-1
2014-01-08,3702,4462590,154077962,34.2,34.65,34.2,34.55,0.45,1602,711000,0,142,-32
2014-01-09,3702,3963382,136853819,34.55,34.7,34.35,34.6,0.05,1461,-82000,0,-256,26
2014-01-10,3702,7775825,272382177,34.6,35.3,34.45,35.0,0.4,3777,-61000,2000,114,31
2014-01-13,3702,6772538,239934584,35.5,35.65,35.2,35.25,0.25,2695,-501120,0,-281,-7
2014-01-14,3702,6012644,212684739,35.25,35.65,35.0,35.5,0.25,2441,-652000,1000,111,0
2014-01-15,3702,10748996,387053937,35.7,36.4,35.65,35.65,0.15,4191,-78108,3000,-671,-2
2014-01-16,3702,6525883,233095138,35.95,36.0,35.3,35.5,-0.15,2696,334000,-100000,-168,11
2014-01-17,3702,6082486,215642463,35.5,35.7,35.3,35.3,-0.2,2163,-581073,-151000,110,-16
2014-01-20,3702,12389164,448216604,35.65,36.5,35.35,36.15,0.85,4900,2865131,0,-400,-22
2014-01-21,3702,8658262,314601832,36.15,36.65,36.05,36.05,-0.1,3656,687730,-2000,533,0
2014-01-22,3702,7806235,284354136,36.05,36.6,36.05,36.35,0.3,3228,1147000,-2000,-497,-23
2014-01-23,3702,3747581,135005400,36.35,36.45,35.8,35.8,-0.55,1709,-1233000,0,130,19
2014-01-24,3702,3494927,125619567,35.7,36.1,35.7,36.05,0.25,1554,-171000,0,-260,-3
2014-01-27,3702,5222384,185083117,35.55,35.65,35.2,35.3,-0.75,2481,-1138579,-151000,-452,63
2014-02-05,3702,8206840,285955172,34.6,35.1,34.5,34.8,-0.5,4084,-3428846,0,15,1
2014-02-06,3702,5472954,190675475,34.5,35.05,34.5,34.85,0.05,2750,-3423880,0,119,-1
2014-02-07,3702,5545300,196770440,35.15,35.85,34.9,35.55,0.7,3468,-776000,0,-129,-6
2014-02-10,3702,7571591,264856427,35.35,35.45,34.85,34.85,-0.7,2800,-3287000,150000,-333,5
2014-02-11,3702,3069755,107275360,34.75,35.1,34.7,34.8,-0.05,1536,-904739,169000,-27,-9
2014-02-12,3702,4127218,145510939,35.15,35.4,35.1,35.15,0.35,2064,-724850,150000,-335,-7
2014-02-13,3702,2836089,100100465,35.15,35.4,35.05,35.1,-0.05,1651,-532000,-10924,77,-22
2014-02-14,3702,4418842,156912924,35.3,35.8,35.25,35.25,0.15,2731,503680,0,-171,-4
2014-02-17,3702,1563289,55399713,35.4,35.6,35.3,35.4,0.15,1029,-66000,0,-117,-5
2014-02-18,3702,2285274,80369440,35.4,35.5,35.05,35.15,-0.25,1233,-508208,0,81,0
2014-02-19,3702,1990962,69974197,35.15,35.25,35.0,35.25,0.1,1180,237848,-7000,-346,-1
2014-02-20,3702,3028887,106937111,35.05,35.5,35.0,35.4,0.15,1778,246808,-7000,-114,-8
2014-02-21,3702,4722574,168135608,35.6,35.75,35.35,35.55,0.15,2251,546000,0,-109,22
2014-02-24,3702,4891931,175925055,35.4,36.2,35.4,35.9,0.35,2127,643000,-6000,389,-37
2014-02-25,3702,3327506,119680749,35.9,36.2,35.8,35.85,-0.05,1516,26827,0,163,-5
2014-02-26,3702,4495857,161182117,35.7,36.1,35.55,35.55,-0.3,2271,63840,0,192,1
2014-02-27,3702,3579891,128856578,35.6,36.15,35.6,36.0,0.45,1619,760394,0,-377,22
2014-03-03,3702,4513401,161740043,35.9,36.15,35.6,35.95,-0.05,2002,5000,0,106,3
2014-03-04,3702,3149668,113233405,35.95,36.15,35.8,35.8,-0.15,1252,664000,0,-142,-29
2014-03-05,3702,4424112,159539044,36.0,36.15,35.85,35.85,0.05,1935,64026,150000,161,-15
2014-03-06,3702,4478310,161858097,36.0,36.3,35.85,36.1,0.25,2201,881000,-2000,111,-6
2014-03-07,3702,10926737,402395290,36.45,37.35,36.25,36.35,0.25,4651,-352000,-1000,17,3
2014-03-10,3702,2628275,95313739,36.35,36.45,36.1,36.3,-0.05,1324,-429000,-4000,-42,-45
2014-03-11,3702,4740914,173988796,36.45,37.0,36.4,36.55,0.25,2454,48519,-1000,-264,92
2014-03-12,3702,3927464,142899652,36.5,36.55,36.15,36.4,-0.15,1536,498000,-1000,-236,0
2014-03-13,3702,3188637,115990345,36.3,36.55,36.25,36.35,-0.05,1409,766839,0,-79,0
2014-03-14,3702,6703378,247432075,36.35,37.3,36.25,36.8,0.45,2823,2363000,-7000,-411,-18
2014-03-17,3702,2197611,80933038,36.9,37.0,36.65,36.7,-0.1,858,-22000,-1000,-250,-9
2014-03-18,3702,2624719,96863354,36.85,37.0,36.8,36.95,0.25,1030,458000,0,-297,3
2014-03-19,3702,8071406,300331966,37.1,37.75,36.55,36.55,-0.4,3525,-512000,0,746,2
2014-03-20,3702,4504101,162569960,36.4,36.4,35.85,35.95,-0.6,1863,-916055,0,147,30
2014-03-21,3702,7936885,281060268,35.95,36.05,35.0,35.3,-0.65,3612,-935501,-911000,830,22
2014-03-24,3702,3654996,130015093,35.3,35.9,35.15,35.9,0.6,2189,684000,150000,-786,0
2014-03-25,3702,3775406,136234256,35.6,36.3,35.6,36.3,0.4,1970,-447870,100000,-585,5
2014-03-26,3702,4278701,155828362,36.35,36.6,36.0,36.5,0.2,1648,-429071,0,-1082,-4
2014-03-27,3702,3341735,122670134,36.45,36.85,36.4,36.8,0.3,1443,723000,0,-284,-2
2014-03-28,3702,2626631,95915661,36.8,36.9,36.35,36.6,-0.2,1145,1008000,-1000,130,5
2014-03-31,3702,2263771,82878059,36.75,36.75,36.4,36.75,0.15,1010,540312,0,-190,0
2014-04-01,3702,3362502,122924081,36.5,36.75,36.4,36.75,0.0,1378,503628,18000,-29,0
2014-04-02,3702,4346482,159571534,36.6,36.9,36.5,36.5,-0.25,1422,-1060000,0,-112,-3
2014-04-03,3702,3209001,118073172,36.6,36.9,36.5,36.9,0.4,1573,1420000,-22000,-297,-1
2014-04-07,3702,3791260,140351020,36.8,37.2,36.6,37.1,0.2,2021,1285000,-3000,-95,1
2014-04-08,3702,1076243,39789004,37.25,37.25,36.85,36.95,-0.15,660,333000,0,9,7
2014-04-09,3702,2832992,105041736,37.15,37.2,36.9,37.2,0.25,1183,489862,0,186,2
2014-04-10,3702,2524522,93469364,37.25,37.3,36.9,37.15,-0.05,1222,428000,-190026,-221,32
2014-04-11,3702,3293448,122044276,37.15,37.2,36.9,37.2,0.05,1256,739000,-120000,36,24
2014-04-14,3702,1635717,60148346,37.2,37.2,36.6,36.75,-0.45,896,130210,0,-138,0
2014-04-15,3702,2866176,105383432,37.0,37.0,36.6,36.7,-0.05,1386,271000,0,-563,0
2014-04-16,3702,4259026,157795539,36.9,37.25,36.9,37.05,0.35,1562,2492000,-1000,-494,0
2014-04-17,3702,1954509,72511914,37.3,37.3,36.95,37.1,0.05,956,106000,-1000,185,-6
2014-04-18,3702,1877106,69498095,37.2,37.25,36.9,37.1,0.0,775,367000,-1000,-232,0
2014-04-21,3702,1318722,48825191,37.1,37.15,36.85,37.0,-0.1,691,292000,2000,-129,-5
2014-04-22,3702,2069846,76739452,37.15,37.15,36.95,37.15,0.15,878,416000,-2000,-132,0
2014-04-23,3702,2319830,85894067,37.1,37.15,36.9,37.0,-0.15,1141,-120000,0,-57,5
2014-04-24,3702,1611595,59656686,36.9,37.1,36.85,37.0,0.0,716,529625,0,-118,-3
2014-04-25,3702,5692494,208683496,37.05,37.15,36.35,36.5,-0.5,2188,2179955,0,-191,-5
2014-04-28,3702,3429210,125194651,36.2,36.75,36.05,36.65,0.15,1691,787820,0,-96,-6
2014-04-29,3702,3046791,112934856,36.85,37.2,36.65,37.1,0.45,1283,464000,-130000,364,-15
2014-04-30,3702,4235896,157245601,37.2,37.4,36.9,37.1,0.0,1415,-5000,-387000,422,-5
2014-05-02,3702,19775786,767163660,37.4,39.6,37.15,39.35,2.25,6982,5513000,135000,1217,-49
2014-05-05,3702,10754872,429012473,40.5,40.5,39.4,39.45,0.1,4811,455000,294000,338,-31
2014-05-06,3702,7915500,312446025,39.65,39.85,39.35,39.45,0.0,3792,3094000,-275000,-395,34
2014-05-07,3702,15683771,623748361,39.4,40.5,38.9,39.0,-0.45,5355,1743000,1276000,1366,9
2014-05-08,3702,8641153,340202515,39.8,39.85,39.1,39.3,0.3,3911,1285000,306000,718,5
2014-05-09,3702,7767943,303886697,39.3,39.45,38.95,39.3,0.0,3487,331057,-1000,74,1
2014-05-12,3702,6804515,267625545,39.5,39.65,39.15,39.2,-0.1,2210,768000,0,-333,-12
2014-05-13,3702,10092767,399546879,39.45,39.9,39.4,39.6,0.4,3620,6122000,-1000,-71,-24
2014-05-14,3702,9779047,384355762,39.9,40.2,38.5,38.8,-0.8,4216,938000,0,1208,-56
2014-05-15,3702,6422045,249921287,38.8,39.05,38.65,38.8,0.0,2248,-505000,900000,-36,6
2014-05-16,3702,7868778,306468092,38.5,39.2,38.5,39.05,0.25,2161,1648000,-120000,-164,1
2014-05-19,3702,4972905,194410721,39.2,39.25,38.95,39.2,0.15,2090,-615765,-76000,-268,-2
2014-05-20,3702,6733211,260955151,39.35,39.35,38.5,38.55,-0.65,2474,144651,-110000,82,-19
2014-05-21,3702,6495806,250614338,38.55,38.75,38.4,38.5,-0.05,3008,-197279,0,-293,-1
2014-05-22,3702,6095271,235709846,38.5,38.85,38.45,38.8,0.3,1978,2147000,0,-127,70
2014-05-23,3702,5297648,206698567,38.8,39.15,38.8,39.15,0.35,1868,2010504,0,-366,18
2014-05-26,3702,10892020,434731558,39.4,40.3,39.4,39.85,0.7,3663,193000,174000,-126,-10
2014-05-27,3702,5800383,231251186,39.9,40.1,39.7,39.9,0.05,2151,-116000,25000,-13,3
2014-05-28,3702,12907083,522964415,40.1,40.9,40.05,40.9,1.0,5053,905000,0,1080,-25
2014-05-29,3702,17301048,721938443,40.9,42.3,40.6,41.8,0.9,7617,1359518,800000,-1594,-51
2014-05-30,3702,15791085,668281304,42.4,43.0,41.55,41.8,0.0,5770,-991463,2642000,-85,-56
2014-06-03,3702,8577078,361297366,42.1,42.4,41.8,42.15,0.35,4269,-448284,0,-124,-36
2014-06-04,3702,10033153,426907329,42.35,42.95,41.9,42.95,0.8,4850,1784000,0,-179,-68
2014-06-05,3702,9899218,425346774,43.0,43.5,42.2,43.2,0.25,3857,1274503,18000,-58,-112
2014-06-06,3702,6892493,297337903,43.3,43.4,42.8,43.0,-0.2,2989,937810,18000,-494,-93
2014-06-09,3702,7495858,315549489,43.0,43.0,41.85,41.9,-1.1,3488,-1817000,-300000,610,127
2014-06-10,3702,6047686,254687701,41.9,42.3,41.6,42.3,0.4,2884,2153989,-262000,-140,-53
2014-06-11,3702,6221918,265626048,42.3,42.85,42.2,42.7,0.4,2153,-1115597,114000,-409,72
2014-06-12,3702,3867049,163975392,42.7,42.7,42.25,42.4,-0.3,1837,1331503,9000,-505,2
2014-06-13,3702,3320096,141209000,42.4,42.85,42.15,42.6,0.2,1675,1190507,-5000,-115,-4
2014-06-16,3702,3381407,143082290,42.65,42.75,42.1,42.3,-0.3,1586,594939,115000,258,200
2014-06-17,3702,5636132,236673854,42.3,42.4,41.9,41.95,-0.35,2788,1685000,-335000,55,12
2014-06-18,3702,7748598,327391160,41.95,42.45,41.95,42.4,0.45,3855,1591100,104000,-172,5
2014-06-19,3702,5128823,218337528,42.55,42.8,42.45,42.55,0.15,2553,2189186,240000,0,-1
2014-06-20,3702,6748555,287139138,42.6,42.8,42.45,42.55,0.0,1554,1181820,-666000,-91,10
2014-06-23,3702,7345854,304722933,42.55,42.55,40.8,41.6,-0.95,3828,933230,-38000,68,14
2014-06-24,3702,4007546,166899434,41.9,42.0,41.4,41.4,-0.2,1995,982107,-1000,-13,-3
2014-06-25,3702,5223749,213270223,41.15,41.45,40.55,40.6,-0.8,3062,1891675,-2000,251,13
2014-06-26,3702,4260630,175372480,41.0,41.65,40.85,41.1,0.5,1685,757793,-617000,248,-3
2014-06-27,3702,2117362,86724203,40.9,41.15,40.85,40.9,-0.2,1174,508000,-300000,-113,0
2014-06-30,3702,2999435,123008917,40.9,41.3,40.9,41.1,0.2,1608,250357,1000,188,5
2014-07-01,3702,3033046,125322965,41.4,41.5,41.05,41.3,0.2,1399,387000,-20000,77,1
2014-07-02,3702,3299191,135889112,41.3,41.55,40.8,40.9,-0.4,1646,-387181,-104395,-324,1
2014-07-03,3702,2504345,102529006,40.9,41.1,40.75,41.0,0.1,1222,-286000,0,-15,0
2014-07-04,3702,2381241,98476131,41.15,41.7,41.15,41.2,0.2,1295,-323932,-20000,103,0
2014-07-07,3702,5110615,212113880,41.2,41.95,41.1,41.95,0.75,2360,-45436,784000,150,-3
2014-07-08,3702,6062377,256947496,42.0,42.95,41.9,42.15,0.2,3159,-545000,628000,353,-1
2014-07-09,3702,2739338,115437610,42.0,42.5,41.85,42.3,0.15,1283,23000,80000,107,1
2014-07-10,3702,5109434,216212173,42.5,42.65,42.0,42.1,-0.2,2191,-963000,0,236,3
2014-07-11,3702,5196744,213933255,42.0,42.1,40.35,40.7,-1.4,2250,-566000,-30000,415,0
2014-07-14,3702,7452549,300881267,40.4,40.7,40.0,40.55,-0.15,3148,-3196597,16000,563,37
2014-07-15,3702,5629642,228506187,40.7,40.95,40.4,40.5,-0.05,2145,-2842904,-4000,830,0
2014-07-16,3702,7942302,317293777,40.3,40.45,39.65,39.9,-0.6,3082,-785300,-538000,1367,-42
2014-07-17,3702,6775558,272270716,40.0,40.9,39.85,40.0,0.1,2822,-1824806,-229000,1179,-13
2014-07-18,3702,7956361,318996668,40.0,40.5,39.8,39.85,-0.15,2331,-4182000,200000,1131,-54
2014-07-21,3702,5427142,217876302,39.95,40.45,39.9,40.4,0.55,1926,-1536000,80000,379,-349
2014-07-22,3702,10070568,412613768,40.6,41.75,40.45,40.85,0.45,3414,-1823000,575000,-565,6
2014-07-24,3702,6443050,264536531,41.1,41.3,40.85,41.2,0.35,2577,407000,-1578000,956,3
2014-07-25,3702,4743755,193539895,41.2,41.2,40.6,40.95,-0.25,1899,1195000,257000,-554,-45
2014-07-28,3702,8058935,330465749,41.0,41.1,40.8,40.95,0.0,2182,-130000,313000,-403,13
2014-07-29,3702,7422693,300412153,41.2,41.6,39.95,40.3,-0.65,4621,-347000,-328000,-88,10
2014-07-30,3702,4091113,165260814,40.95,40.95,40.2,40.45,0.15,1507,338000,38000,-115,13
2014-07-31,3702,5788724,232080110,40.65,40.8,39.8,39.95,-0.5,2254,-462000,12000,230,57
2014-08-01,3702,18928839,766674824,39.9,40.8,39.8,40.8,0.85,2537,-446260,12000,-176,134
2014-08-04,3702,20921251,865339674,41.0,42.25,40.9,42.25,1.45,4273,2355400,499000,-1215,0
2014-08-05,3702,23209355,966956209,42.25,42.25,41.25,41.3,-0.95,3916,-1131411,535000,-439,0
2014-08-06,3702,27858051,1143715138,41.4,41.65,40.8,41.0,-0.3,2710,1078612,524000,-1923,0
2014-08-07,3702,70198410,2720794573,39.1,39.5,38.1,38.4,0.0,3357,-1282964,510000,2016,-706
2014-08-08,3702,6271122,237965486,38.25,38.4,37.65,37.75,-0.65,2257,-1002400,169000,217,302
2014-08-11,3702,5322917,203704301,38.0,38.4,38.0,38.3,0.55,2181,-528000,6000,201,-242
2014-08-12,3702,7403866,281359358,38.3,38.3,37.85,37.9,-0.4,2937,-1203689,0,465,166
2014-08-13,3702,4403892,168202113,37.75,38.35,37.75,38.2,0.3,2426,414000,138000,-188,-62
2014-08-14,3702,5810193,221279404,38.2,38.4,37.9,38.0,-0.2,2240,-409000,7000,381,23
2014-08-15,3702,5269766,200264771,38.15,38.2,37.85,37.85,-0.15,1828,363880,4000,343,20
2014-08-18,3702,2992522,112782716,38.0,38.05,37.45,37.45,-0.4,1287,-270000,0,90,61
2014-08-19,3702,4577166,172060673,37.5,37.85,37.45,37.6,0.15,1994,-108035,2000,193,3
2014-08-20,3702,4448910,167490992,37.65,37.8,37.45,37.75,0.15,1762,118965,6000,-38,-48
2014-08-21,3702,3537793,132768635,37.75,37.85,37.35,37.7,-0.05,1389,-51000,-84000,286,-27
2014-08-22,3702,6871693,262689426,37.7,38.45,37.7,38.35,0.65,2810,2877187,-300000,-290,-175
2014-08-25,3702,4069208,155776239,38.55,38.6,38.15,38.2,-0.15,1563,554000,4000,347,54
2014-08-26,3702,6154828,237740147,38.5,38.85,38.4,38.8,0.6,2396,3833953,-573000,166,-462
2014-08-27,3702,7180269,280718848,39.0,39.3,38.9,39.3,0.5,3166,3756910,-158000,-602,-335
2014-08-28,3702,2500973,97716625,39.3,39.3,38.95,38.95,-0.35,1344,-205748,-8000,-26,-40
2014-08-29,3702,3861970,150798018,38.95,39.3,38.75,38.95,0.0,1319,1350300,0,-165,-10
2014-09-01,3702,1877993,73528477,39.1,39.3,39.05,39.1,0.15,1132,1141000,0,-175,-2
2014-09-02,3702,3980479,155502872,39.3,39.3,38.9,38.95,-0.15,1735,324615,270000,177,556
2014-09-03,3702,3008290,117158402,39.0,39.1,38.8,38.95,0.0,1208,1324243,6000,-31,-46
2014-09-04,3702,2270903,88188031,38.95,39.05,38.7,38.75,-0.2,1142,31589,307000,-353,0
2014-09-05,3702,8341607,316968746,38.7,38.7,37.65,37.7,-1.05,3184,-5176000,7000,494,444
2014-09-09,3702,5423463,206686769,38.0,38.35,37.95,38.35,0.65,1579,1793000,0,-553,-37
2014-09-10,3702,3704781,141172664,38.35,38.35,37.9,38.3,-0.05,1688,-129000,0,16,21
2014-09-11,3702,3009483,114945436,38.35,38.35,38.0,38.2,-0.1,1479,672000,10000,-8,-203
2014-09-12,3702,3600021,137064580,38.35,38.5,37.85,37.85,-0.35,1369,308296,10000,-233,19
2014-09-15,3702,2386037,90500556,37.85,38.15,37.7,38.0,0.15,955,339996,87000,214,22
2014-09-16,3702,2057588,78014069,38.1,38.1,37.8,37.9,-0.1,879,-145000,-7000,73,-2
2014-09-17,3702,3607055,137720090,37.8,38.65,37.75,38.1,0.2,1992,-43000,355000,188,-41
2014-09-18,3702,3370503,128278275,38.0,38.15,37.95,38.15,0.05,1886,548856,54000,-48,2
2014-09-19,3702,8184640,314858231,38.35,38.85,38.25,38.4,0.25,3271,1879000,-794000,141,-64
2014-09-22,3702,3859954,146584402,38.4,38.4,37.75,38.0,-0.4,1928,-1973863,30065,334,54
2014-09-23,3702,2949241,111101354,37.8,37.9,37.5,37.55,-0.45,1367,-1041000,3000,245,214
2014-09-24,3702,2494993,93335976,37.55,37.75,37.25,37.3,-0.25,1190,-49000,0,-190,55
2014-09-25,3702,3465125,130026363,37.85,37.85,37.3,37.4,0.1,1504,426890,0,-154,-8
2014-09-26,3702,2646488,98039099,37.1,37.25,36.85,37.0,-0.4,1192,-293564,0,141,87
2014-09-29,3702,3197003,118323761,37.1,37.1,36.85,37.0,0.0,1433,-1466348,0,81,27
2014-09-30,3702,4279649,157772838,37.0,37.2,36.55,37.2,0.2,1605,328000,141000,-26,4
2014-10-01,3702,3029839,111780820,36.8,37.05,36.7,36.75,-0.45,1517,-1576475,0,396,1
2014-10-02,3702,1986361,72996338,36.8,36.95,36.6,36.85,0.1,1257,-549000,0,-14,-1
2014-10-03,3702,3052408,113698756,36.85,37.55,36.85,37.35,0.5,1755,143900,300000,-66,4
2014-10-06,3702,2137396,79558323,37.5,37.5,37.1,37.1,-0.25,1269,-1021000,4000,-24,31
2014-10-07,3702,1996696,73909412,37.0,37.2,36.75,37.1,0.0,1080,-700000,33000,46,4
2014-10-08,3702,3002325,110474083,36.9,37.1,36.65,36.65,-0.45,1157,-348576,1000,134,8
2014-10-09,3702,2481628,92136109,37.3,37.5,36.9,37.0,0.35,1203,-153000,-1000,-185,-104
2014-10-13,3702,5012085,180250664,36.35,36.55,35.45,35.45,-1.55,2379,-1788404,-150000,-253,72
2014-10-14,3702,3663302,130961205,35.0,36.1,35.0,35.8,0.35,1641,514190,-44000,-307,-13
2014-10-15,3702,4781911,168660149,35.75,35.75,35.05,35.2,-0.6,2303,-504000,-70000,-45,47
2014-10-16,3702,5107337,178054645,35.2,35.2,34.6,34.8,-0.4,2246,-881855,120000,21,8
2014-10-17,3702,7076441,249701457,34.8,35.55,34.8,35.25,0.45,3098,-167768,50000,-428,-81
2014-10-20,3702,5306927,188573051,35.65,35.85,35.25,35.25,0.0,2378,-1843861,0,-15,-2
2014-10-21,3702,2501517,88282665,35.3,35.45,35.15,35.35,0.1,1664,-728000,-1000,-53,5
2014-10-22,3702,3259167,116295492,35.7,35.8,35.5,35.65,0.3,1745,540358,0,-40,-44
2014-10-23,3702,2452522,86593613,35.7,35.85,35.1,35.2,-0.45,1655,-583500,-2000,333,-31
2014-10-24,3702,3134633,111055707,35.5,35.6,35.25,35.55,0.35,1673,-462556,0,-197,26
2014-10-27,3702,2487225,87911649,35.7,35.7,35.2,35.4,-0.15,1257,279000,0,-199,93
2014-10-28,3702,4434827,160988430,35.75,36.5,35.75,36.25,0.85,2405,1550000,150000,-108,-275
2014-10-29,3702,3477472,127521414,36.6,36.8,36.4,36.75,0.5,1695,-130910,292000,-77,-211
2014-10-30,3702,2485552,90777564,36.7,36.7,36.35,36.5,-0.25,1166,-1162893,0,93,-2
2014-10-31,3702,3238665,118688955,36.5,37.0,36.15,37.0,0.5,1400,-181437,-139186,81,2
2014-11-03,3702,4448841,162917030,37.0,37.0,36.4,36.4,-0.6,2590,-1348000,-518000,-123,19
2014-11-04,3702,7630432,274581912,36.15,36.25,35.8,35.8,-0.6,3570,-3322000,-590000,230,88
2014-11-05,3702,7921475,279397727,35.7,35.75,35.1,35.2,-0.6,4075,-4973621,-431000,706,74
2014-11-06,3702,7663514,267332590,35.2,35.2,34.65,34.8,-0.4,3876,-4160000,-2008000,452,133
2014-11-07,3702,6142578,214800980,34.65,35.35,34.55,34.9,0.1,3148,-4168810,-138000,-56,39
2014-11-10,3702,4605076,163230324,34.8,35.65,34.8,35.5,0.6,3138,-888000,0,-493,-33
2014-11-11,3702,3227048,114749600,35.5,35.8,35.35,35.8,0.3,1836,-1603000,156000,-41,-4
2014-11-12,3702,6078354,213722097,35.8,35.8,34.9,35.0,-0.8,3419,-4862206,5000,651,42
2014-11-13,3702,4240536,148235754,34.8,35.2,34.65,35.15,0.15,3052,-2806000,-126000,122,6
2014-11-14,3702,4280991,150041024,34.85,35.4,34.8,35.05,-0.1,2190,-2269407,0,-261,-94
2014-11-17,3702,6214649,216642090,35.35,35.35,34.6,34.9,-0.15,2933,-4050000,0,385,-6
2014-11-18,3702,8090040,279398721,34.9,35.05,34.4,34.45,-0.45,2918,-4648591,-7000,-116,-176
2014-11-19,3702,7737369,269195116,34.5,35.0,34.5,34.95,0.5,3059,-737810,-170000,30,-79
2014-11-20,3702,8471822,299024725,35.1,35.45,34.95,35.4,0.45,3060,-1216814,-148000,-55,136
2014-11-21,3702,5868553,209296739,35.4,35.95,35.25,35.6,0.2,3299,-1271161,406000,-236,3
2014-11-24,3702,4247220,151840875,35.6,35.95,35.45,35.7,0.1,2020,-793000,-45000,-168,-109
2014-11-25,3702,6090521,217581389,35.9,35.9,35.35,35.9,0.2,1635,-441391,0,241,-2
2014-11-26,3702,3442329,122911619,36.0,36.0,35.5,35.55,-0.35,1716,-1375091,0,129,-28
2014-11-27,3702,3491384,125055056,35.55,35.9,35.55,35.75,0.2,1886,-664000,-1000,-235,-196
2014-11-28,3702,3503837,125105505,35.5,35.95,35.4,35.95,0.2,1771,-859392,0,-49,-19
2014-12-01,3702,6214738,219872267,35.1,35.6,35.1,35.35,-0.6,2264,-4889835,0,264,198
2014-12-02,3702,10268562,359783028,35.35,35.35,34.8,34.95,-0.4,2621,-4847000,0,22,72
2014-12-03,3702,5999895,211511270,34.9,35.55,34.8,35.4,0.45,2112,-3223191,4000,-50,1
2014-12-04,3702,4168307,149187199,35.7,35.9,35.5,35.75,0.35,1870,-376000,0,-61,-63
2014-12-05,3702,2489824,89460816,35.6,36.05,35.6,36.05,0.3,1457,-210000,115000,-16,-65
2014-12-08,3702,2742702,98855022,36.05,36.15,35.95,36.05,0.0,1250,-795000,0,-185,56
2014-12-09,3702,1707532,61124439,36.0,36.0,35.7,35.7,-0.35,1139,-263000,0,105,28
2014-12-10,3702,2740518,96810579,35.6,35.75,35.15,35.2,-0.5,1450,-939276,0,260,122
2014-12-11,3702,1524710,53925067,35.2,35.55,35.1,35.25,0.05,939,195000,573,-251,-2
2014-12-12,3702,2196132,77757390,35.25,35.55,35.25,35.25,0.0,1406,-842024,0,70,-1
2014-12-15,3702,2598141,91376254,35.0,35.3,35.0,35.2,-0.05,1426,-552000,0,148,47
2014-12-16,3702,2433982,85617360,35.3,35.4,35.1,35.1,-0.1,1583,-619859,-9000,-15,117
2014-12-17,3702,5204261,181997896,35.05,35.3,34.85,34.85,-0.25,2700,-2515072,0,132,25
2014-12-18,3702,4216448,146967882,35.1,35.1,34.75,34.75,-0.1,2569,-2020487,0,-141,-9
2014-12-19,3702,3788005,132919710,35.05,35.35,34.9,34.9,0.15,2125,-201258,-9000,79,3
2014-12-22,3702,4113039,145672269,35.2,35.6,35.15,35.6,0.7,1869,-659000,150000,-289,16
2014-12-23,3702,2778507,98914544,35.8,35.8,35.5,35.5,-0.1,1287,-352000,0,46,-1
2014-12-24,3702,2685904,95864322,35.7,35.8,35.55,35.8,0.3,1533,433000,130000,84,-61
2014-12-25,3702,5183018,187689540,35.9,36.5,35.8,36.5,0.7,2311,1229000,0,80,-102
2014-12-26,3702,3389596,124104456,36.55,36.75,36.35,36.65,0.15,1366,298000,0,-93,-21
2014-12-27,3702,2132058,78285512,36.65,36.85,36.55,36.6,-0.05,742,-106000,0,114,-6
2014-12-29,3702,3612071,132113425,36.6,36.7,36.45,36.55,-0.05,1731,598000,0,-59,-24
2014-12-30,3702,3793929,139748636,37.0,37.1,36.6,36.6,0.05,1737,-169000,0,425,4
2014-12-31,3702,3257476,119368677,36.6,36.9,36.35,36.85,0.25,1274,-399300,0,-259,-124
2015-01-05,3702,2301325,84397785,36.85,36.85,36.45,36.6,-0.25,1218,-778810,0,55,3
2015-01-06,3702,4189147,150531149,36.15,36.2,35.65,35.65,-0.95,2297,-1513000,0,213,165
2015-01-07,3702,2811767,100520468,35.6,35.9,35.6,35.7,0.05,1552,-1723000,-1000,496,1
2015-01-08,3702,5853798,214832641,35.95,37.0,35.85,37.0,1.3,2587,386570,0,-335,-182
2015-01-09,3702,3174819,117365236,37.2,37.3,36.7,36.7,-0.3,1539,-347000,-154000,-38,2
2015-01-12,3702,2230519,82280878,36.7,37.0,36.7,36.9,0.2,1103,-101000,0,37,-10
2015-01-13,3702,5029223,186891744,36.7,37.45,36.7,37.25,0.35,2660,-210000,1000,-120,-11
2015-01-14,3702,3870738,143264586,37.4,37.45,36.8,36.8,-0.45,1937,-869000,0,56,3
2015-01-15,3702,2808579,103614844,36.8,37.05,36.75,36.85,0.05,995,-750000,-284000,-121,-69
2015-01-16,3702,3007513,109606508,36.85,36.85,36.2,36.4,-0.45,1771,-873820,0,82,145
2015-01-19,3702,1939620,70798793,36.7,36.85,36.2,36.5,0.1,975,438002,-1000,-88,100
2015-01-20,3702,1684852,61992580,36.6,37.0,36.55,37.0,0.5,952,1048792,0,-161,-76
2015-01-21,3702,3751510,138993608,37.05,37.2,36.9,36.95,-0.05,2199,-107000,0,9,-101
2015-01-22,3702,6745183,253157584,37.2,37.65,37.2,37.6,0.65,2907,763000,-81000,118,-45
2015-01-23,3702,10247175,391693278,37.9,38.65,37.65,38.5,0.9,5279,3407000,0,-925,-32
2015-01-26,3702,10297226,399880154,38.65,39.25,38.1,39.0,0.5,4567,1579000,0,-1043,-46
2015-01-27,3702,6810423,264916999,39.15,39.3,38.65,39.0,0.0,3071,395000,-114000,-372,1
2015-01-28,3702,5970988,232511567,38.55,39.2,38.55,39.0,0.0,2997,1722000,-250000,-361,-82
2015-01-29,3702,5219490,203035448,39.0,39.05,38.65,38.9,-0.1,2280,611000,0,145,4
2015-01-30,3702,8646619,339077328,39.0,39.35,38.9,39.3,0.4,3495,1540000,-3000,22,-55
2015-02-02,3702,7165289,283035500,39.3,39.8,39.25,39.5,0.2,2870,1237000,0,117,-326
2015-02-03,3702,7371417,292131169,39.5,39.8,39.35,39.45,-0.05,3492,-353000,100000,-23,-4
2015-02-04,3702,11076617,443472480,39.7,40.2,39.7,40.2,0.75,4967,4285000,663000,-1090,-288
2015-02-05,3702,4655875,186497000,40.35,40.35,39.9,40.2,0.0,2784,890000,0,-160,-33
2015-02-06,3702,5396075,216507220,40.2,40.25,40.0,40.25,0.05,2877,2986816,0,-378,-105
2015-02-09,3702,3198707,128102643,40.2,40.2,39.95,39.95,-0.3,1825,1513000,-3000,-113,-190
2015-02-10,3702,4663105,186867809,40.0,40.2,39.95,40.05,0.1,2798,3390000,45000,-384,-216
2015-02-11,3702,7187901,289888294,40.2,40.6,40.1,40.4,0.35,3196,3061932,0,39,-12
2015-02-12,3702,4875462,196125858,40.4,40.45,39.95,40.4,0.0,2435,1314000,520000,-102,-138
2015-02-13,3702,4595470,187363122,40.6,40.9,40.55,40.7,0.3,2579,1929000,-4000,-322,-204
2015-02-24,3702,8764545,355755388,41.1,41.2,40.0,40.5,-0.2,4266,2645602,0,9,72
2015-02-25,3702,7402401,297649390,40.6,40.8,40.0,40.1,-0.4,3699,1484048,-2000,29,48
2015-02-26,3702,6898861,277960756,40.1,40.5,39.85,40.3,0.2,2899,1637328,-257000,51,1
2015-03-02,3702,4202572,169018424,40.5,40.5,40.0,40.25,-0.05,2406,589333,0,3,98
2015-03-03,3702,3982607,160140074,40.25,40.4,40.05,40.25,0.0,2201,413422,-277000,-61,-13
2015-03-04,3702,4158671,167491539,40.3,40.55,39.95,40.55,0.3,1966,1004624,0,-314,4
2015-03-05,3702,3484681,141325067,40.55,40.7,40.2,40.7,0.15,1773,769000,172000,-154,-31
2015-03-06,3702,3276351,133683659,40.7,40.9,40.5,40.9,0.2,1659,805700,6000,-49,-2
2015-03-09,3702,1584267,64476098,40.8,40.85,40.5,40.7,-0.2,1185,-95500,0,-84,1
2015-03-10,3702,2621260,106834150,40.7,40.9,40.65,40.75,0.05,1843,99403,0,-127,-12
2015-03-11,3702,5443984,218376176,40.5,40.55,39.75,39.8,-0.95,2613,-734000,0,-182,389
2015-03-12,3702,4626755,185208734,39.7,40.2,39.7,40.15,0.35,1649,1138000,-269,-151,177
2015-03-13,3702,2946914,118034200,40.0,40.3,39.95,39.95,-0.2,1357,-759424,0,-173,124
2015-03-16,3702,7518494,297924152,39.7,40.05,39.1,39.75,-0.2,3017,-909307,-817000,59,142
2015-03-17,3702,4464313,178171438,39.75,40.2,39.6,39.85,0.1,2167,193000,0,45,-4
2015-03-18,3702,4914919,197430273,39.6,40.4,39.55,40.35,0.5,2984,1822938,0,-191,-6
2015-03-19,3702,6041157,242384878,40.5,40.5,40.0,40.0,-0.35,2734,-1580300,-1000,-14,17
2015-03-20,3702,4175054,166952355,40.2,40.4,39.8,39.8,-0.2,1509,-486977,-557000,-67,24
2015-03-23,3702,3373251,135250290,39.85,40.25,39.85,40.1,0.3,1866,438000,-9000,-113,-1
2015-03-24,3702,5245441,212203509,40.25,40.7,40.1,40.65,0.55,2739,2425000,436000,-70,-4
2015-03-25,3702,5202675,213722797,40.9,41.4,40.75,41.0,0.35,2635,1197158,-1000,214,10
2015-03-26,3702,5321718,215584449,40.45,40.9,40.25,40.8,-0.2,2703,-977168,956000,11,129
2015-03-27,3702,3538354,142046233,40.35,40.65,39.85,39.9,-0.9,1475,-1109000,530000,68,0
2015-03-30,3702,5333906,216944578,40.15,41.35,40.0,40.9,1.0,2731,2031740,50000,-150,34
2015-03-31,3702,5151749,208331763,41.3,41.3,40.2,40.3,-0.6,2553,379000,0,290,10
2015-04-01,3702,4167552,166581830,40.15,40.15,39.85,39.85,-0.45,1690,-686000,0,-433,233
2015-04-02,3702,3681900,147796000,40.35,40.45,40.0,40.05,0.2,2199,558573,0,-182,10
2015-04-07,3702,1520259,60949010,40.35,40.35,40.0,40.1,0.05,887,-388000,-150000,-25,14
2015-04-08,3702,3549241,142141222,40.1,40.35,39.95,40.05,-0.05,1623,-852688,-340000,36,285
2015-04-09,3702,1574794,63198660,40.1,40.3,40.0,40.1,0.05,810,391000,0,-60,65
2015-04-10,3702,4269274,172478004,40.3,40.55,40.15,40.4,0.3,2868,1827000,0,-207,164
2015-04-13,3702,3469137,140425843,40.55,40.85,40.3,40.4,0.0,1536,-497612,0,14,42
2015-04-14,3702,2549004,102204660,40.35,40.45,39.85,40.05,-0.35,1315,-1189508,0,-31,42
2015-04-15,3702,4286189,171644660,40.0,40.25,39.9,40.25,0.2,2397,-1488000,790000,-6,62
2015-04-16,3702,2320002,93644666,40.25,40.45,40.1,40.45,0.2,1394,523000,0,-220,152
2015-04-17,3702,4512910,180061347,40.1,40.2,39.7,39.8,-0.65,2371,-1857576,0,270,312
2015-04-20,3702,4752367,186260457,39.5,39.8,38.85,38.95,-0.85,3203,-1690746,108000,257,0
2015-04-21,3702,9298482,354339908,38.95,39.05,37.5,37.6,-1.35,4997,-4147000,110000,274,0
2015-04-22,3702,8457803,321418114,37.65,38.3,37.55,38.05,0.45,4615,-2166601,0,-268,0
2015-04-23,3702,5664155,216063644,38.1,38.5,37.75,38.15,0.1,2954,-1014000,-250000,19,-79
2015-04-24,3702,6206747,236943856,38.2,38.7,37.85,38.15,0.0,3574,704000,-839000,205,5
2015-04-27,3702,5139497,196750771,38.15,38.55,38.1,38.3,0.15,2521,720000,-2286000,33,4
2015-04-28,3702,4968804,188956101,38.3,38.45,37.85,38.0,-0.3,2287,1116000,-1000,89,8
2015-04-29,3702,6601962,250735406,38.0,38.35,37.75,38.1,0.1,2822,1016000,-52000,12,-10
2015-04-30,3702,6103483,234222556,38.1,38.6,38.1,38.4,0.3,2853,1162559,-1000,-211,-54
2015-05-04,3702,6680974,255283975,38.5,38.85,37.85,38.75,0.35,3446,143696,0,27,-11
2015-05-05,3702,4785451,184085923,38.65,38.75,38.15,38.45,-0.3,2536,-926960,120000,-175,-10
2015-05-06,3702,6827368,265627414,38.35,39.3,38.3,39.15,0.7,4289,-718805,-27000,-236,-49
2015-05-07,3702,4466333,174418907,39.0,39.2,38.7,38.95,-0.2,2370,-362000,0,-147,3
2015-05-08,3702,4855333,190784044,39.0,39.5,38.8,39.4,0.45,2972,335000,200000,-193,0
2015-05-11,3702,4143115,164268397,39.9,40.0,39.35,39.4,0.0,2565,-92000,1000,177,-27
2015-05-12,3702,6523607,249892904,39.05,39.35,37.75,38.35,-1.05,3092,-114000,0,168,2
2015-05-13,3702,3168810,122528083,38.35,38.95,38.35,38.95,0.6,2101,1575472,0,-217,8
2015-05-14,3702,3830536,147317022,38.95,39.0,38.15,38.35,-0.6,2417,-542550,1000,222,-5
2015-05-15,3702,2377129,91699560,38.7,38.8,38.35,38.5,0.15,1406,686276,-20000,-214,-25
2015-05-18,3702,1748966,67854963,38.75,38.95,38.45,38.95,0.45,1280,634000,0,-197,-19
2015-05-19,3702,2256082,88430094,39.0,39.4,38.9,39.35,0.4,1514,948550,0,-64,1
2015-05-20,3702,3560638,138817398,39.4,39.5,38.75,39.0,-0.35,2212,460300,0,304,23
2015-05-21,3702,2688086,104045122,39.0,39.0,38.45,38.7,-0.3,1781,118000,0,-18,-21
2015-05-22,3702,2058744,79852190,39.0,39.0,38.65,39.0,0.3,1255,1260000,0,-59,0
2015-05-25,3702,1360627,52890769,39.0,39.0,38.65,38.95,-0.05,855,293000,0,-8,0
2015-05-26,3702,2705767,106208857,39.2,39.4,39.0,39.4,0.45,1642,1411000,0,-178,1
2015-05-27,3702,1806307,71206274,39.4,39.55,39.2,39.55,0.15,1247,973930,0,-49,14
2015-05-28,3702,3093624,122146870,39.7,39.7,39.3,39.5,-0.05,1675,-315874,-2000,68,-3
2015-05-29,3702,7169220,283564958,39.5,39.95,39.25,39.55,0.05,1547,929312,2000,-39,13
2015-06-01,3702,2013332,78757460,39.5,39.7,38.9,39.05,-0.5,1348,-477000,0,220,0
2015-06-02,3702,1987431,77778309,39.25,39.4,38.9,39.0,-0.05,1315,253140,0,-45,1
2015-06-03,3702,2580010,101151129,39.35,39.5,38.85,38.95,-0.05,1478,710000,0,-44,-4
2015-06-04,3702,5252220,201348010,39.0,39.3,37.95,38.0,-0.95,2395,462197,1756,-7,-8
2015-06-05,3702,3303045,125733710,37.95,38.4,37.9,38.05,0.05,1769,-103000,-569000,174,-30
2015-06-08,3702,2964847,114455725,38.05,38.9,37.95,38.9,0.85,1833,439000,0,-426,-37
2015-06-09,3702,2417838,92893729,38.8,38.8,38.2,38.35,-0.55,1607,98529,0,126,-6
2015-06-10,3702,2082414,80028063,38.35,38.75,38.2,38.2,-0.15,1301,-719000,0,149,3
2015-06-11,3702,3784098,144240034,38.35,38.45,38.0,38.0,-0.2,1860,-1090000,-524000,315,-6
2015-06-12,3702,1951664,74016382,38.0,38.15,37.65,38.0,0.0,1215,48126,-2000,38,37
2015-06-15,3702,1684912,63930707,38.0,38.1,37.8,37.9,-0.1,1228,-334797,0,14,4
2015-06-16,3702,3252001,123170583,38.05,38.05,37.75,37.95,0.05,1696,815070,-449000,-65,0
2015-06-17,3702,3667767,139022297,38.0,38.05,37.75,37.8,-0.15,2259,-548276,0,43,4
2015-06-18,3702,3561652,134031507,37.7,37.75,37.55,37.55,-0.25,2366,-2089100,97000,210,-23
2015-06-22,3702,2876593,108947691,37.55,38.05,37.55,37.7,0.15,1539,817248,-1000,-109,19
2015-06-23,3702,3171438,120333752,38.0,38.05,37.8,37.85,0.15,1777,315000,0,-21,7
2015-06-24,3702,2248456,85314331,38.05,38.1,37.85,37.9,0.05,1240,892453,0,103,9
2015-06-25,3702,7066950,273636161,38.5,39.1,38.4,38.65,0.75,2987,171044,150000,328,-35
2015-06-26,3702,2001069,77283301,38.85,38.9,38.5,38.6,-0.05,1116,308000,0,-88,62
2015-06-29,3702,2219263,84678366,38.3,38.35,38.0,38.1,-0.5,1491,-184452,0,-106,-2
2015-06-30,3702,3218605,123479085,38.35,38.65,38.0,38.65,0.55,1352,1006442,100000,-9,-2
2015-07-01,3702,1583827,61284423,38.7,38.8,38.5,38.65,0.0,889,545000,0,-48,1
2015-07-02,3702,1662346,64140850,38.8,38.9,38.5,38.5,-0.15,1196,-547858,9000,9,2
2015-07-03,3702,2666431,101218828,38.25,38.3,37.75,38.0,-0.5,1727,-941000,0,88,7
2015-07-06,3702,2235891,84585924,37.9,38.15,37.7,37.75,-0.25,1323,-783083,0,-90,1
2015-07-07,3702,2128515,81067914,38.05,38.3,37.85,38.3,0.55,1486,1007145,0,-232,-3
2015-07-08,3702,4714371,176686831,37.8,37.95,37.15,37.15,-1.15,2327,-1936240,0,320,15
2015-07-09,3702,5442276,198970198,36.9,36.9,36.4,36.5,-0.65,2126,-2642748,-4000,177,24
2015-07-13,3702,3290735,122379643,37.0,37.4,37.0,37.2,0.7,2086,-715485,-28000,-94,13
2015-07-14,3702,3733255,141539987,37.5,38.1,37.5,37.8,0.6,2185,1238000,0,-332,18
2015-07-15,3702,3066983,115797405,38.05,38.05,37.55,37.6,-0.2,2133,84567,9000,57,-16
2015-07-16,3702,2507619,95143247,37.85,38.05,37.7,37.95,0.35,1609,850000,0,-115,36
2015-07-17,3702,2195179,83207252,37.7,38.05,37.65,38.05,0.1,1536,-66000,94000,22,-2
2015-07-20,3702,3256608,123588214,38.1,38.15,37.65,37.7,-0.35,1782,-223790,0,42,4
2015-07-21,3702,2230838,84000534,37.7,38.0,37.65,37.7,0.0,1070,360000,6000,-56,8
2015-07-22,3702,2374961,89532973,37.65,37.9,37.55,37.7,0.0,1721,-493777,0,51,10
2015-07-23,3702,1698359,64082511,37.55,37.9,37.55,37.85,0.15,1027,323356,0,-59,10
2015-07-24,3702,2023850,76067993,37.55,37.7,37.5,37.7,-0.15,1356,-211982,34000,48,-27
2015-07-27,3702,2972337,109598855,37.6,37.6,36.5,36.7,-1.0,1577,-467000,0,218,34
2015-07-28,3702,3873939,141514620,36.3,36.75,36.25,36.45,-0.25,2451,66000,16000,28,37
2015-07-29,3702,4474214,160682906,36.3,36.45,35.6,35.7,-0.75,2240,64831,3000,-40,29
2015-07-30,3702,3388578,121570321,35.7,36.25,35.6,35.7,0.0,1920,-274449,-55000,-36,1
2015-07-31,3702,4514405,161051062,35.9,35.95,35.45,35.85,0.15,1855,880124,-55000,-23,34
2015-08-03,3702,4389063,156282142,35.85,35.85,35.5,35.7,-0.15,2463,1085360,-107000,-3,0
2015-08-04,3702,10373241,368726176,35.85,35.95,35.3,35.6,-0.1,2231,933846,2000,-102,0
2015-08-05,3702,7304128,254253141,35.35,35.35,34.65,34.75,-0.85,3177,-1432000,0,466,0
2015-08-06,3702,12847533,410504106,32.5,32.65,31.3,31.95,0.0,3273,-2753000,6000,-255,-91
2015-08-07,3702,4337455,137363294,31.85,32.1,31.45,31.45,-0.5,2293,-1384000,31000,317,-38
2015-08-10,3702,2281563,72840066,31.45,32.15,31.45,31.9,0.45,1382,-168000,1000,-121,0
2015-08-11,3702,5545493,179701892,32.2,32.7,32.0,32.25,0.35,3011,-301456,2000,-117,-122
2015-08-12,3702,3399248,108679157,32.25,32.3,31.8,31.9,-0.35,1598,737000,0,51,-20
2015-08-13,3702,4680448,148388886,31.9,31.95,31.55,31.7,-0.2,2755,-2099810,4000,353,5
2015-08-14,3702,2767660,87133846,31.5,31.85,31.35,31.45,-0.25,1577,-1291702,0,222,-76
2015-08-17,3702,4540242,139176050,31.45,31.5,30.25,30.4,-1.05,2513,-1404839,1000,167,-55
2015-08-18,3702,3947275,120652484,30.4,30.95,30.3,30.3,-0.1,2461,-372000,0,-137,59
2015-08-19,3702,10954282,321001200,30.3,30.3,28.9,29.0,-1.3,6231,-2330798,1000,54,-9
2015-08-20,3702,4147474,123133720,29.05,30.1,29.05,30.0,1.0,2492,255000,-238000,-203,-31
2015-08-21,3702,3861396,114150478,29.5,29.8,29.3,29.55,-0.45,2077,-1865000,0,76,-12
2015-08-24,3702,6435331,182163254,29.05,29.15,27.25,28.6,-0.95,3375,-1159000,0,-646,88
2015-08-25,3702,4655523,133877347,28.4,29.0,28.3,28.8,0.2,2654,-1946188,-1182,105,5
2015-08-26,3702,4981180,141922523,28.3,28.95,27.4,28.65,-0.15,2461,-2167904,49000,246,29
2015-08-27,3702,4589038,133505569,28.9,29.4,28.85,29.4,0.75,2047,-799311,0,118,11
2015-08-28,3702,3300663,98539292,29.75,30.1,29.45,29.95,0.55,1697,-761313,3000,57,-2
2015-08-31,3702,4190204,125769468,29.95,30.75,29.55,30.75,0.8,1906,-303305,-4000,-26,-6
2015-09-01,3702,4000390,120348895,30.45,30.45,29.7,30.35,-0.4,2517,-1109347,11000,-39,18
2015-09-02,3702,3305239,98792190,29.8,30.2,29.55,29.9,-0.45,2415,401529,0,46,10
2015-09-03,3702,4422570,131929176,29.75,30.1,29.65,29.75,-0.15,2122,-2023000,16000,337,11
2015-09-04,3702,4760760,140363782,29.6,29.75,29.3,29.3,-0.45,2557,-1329992,-349000,98,0
2015-09-07,3702,3576287,106515634,29.2,30.0,29.15,29.95,0.65,2191,-22000,12000,-190,-50
2015-09-08,3702,3324424,100365581,29.95,30.4,29.8,30.25,0.3,2206,-707689,5000,-201,-29
2015-09-09,3702,6252064,194818027,30.6,31.8,30.6,31.8,1.55,2938,1985905,166000,-385,-41
2015-09-10,3702,6116156,193861982,31.8,31.95,31.3,31.95,0.15,2157,523522,0,-130,0
2015-09-11,3702,5689014,187866708,32.0,33.7,32.0,33.7,1.75,2788,2313000,81000,-165,-67
2015-09-14,3702,8627362,291366925,33.9,34.5,33.5,33.7,0.0,3619,1387442,-93000,340,-27
2015-09-15,3702,4503793,149946480,33.7,33.7,32.95,33.45,-0.25,2293,1603000,3000,17,6
2015-09-16,3702,2989091,99609747,33.6,33.6,33.1,33.5,0.05,1787,382784,-115000,27,0
2015-09-17,3702,5817657,196874850,33.7,34.25,33.5,33.9,0.4,3303,2227331,-145000,-120,14
2015-09-18,3702,6131625,209621058,33.8,34.5,33.65,34.5,0.6,1963,3002850,-808000,-68,-28
2015-09-21,3702,4136360,140010794,33.85,34.0,33.7,34.0,-0.5,2306,-82156,-125000,96,0
2015-09-22,3702,1681925,56812817,33.9,34.05,33.7,33.7,-0.3,706,-175583,956,32,-8
2015-09-23,3702,4125003,135450389,33.5,33.5,32.55,32.7,-1.0,2329,-1025949,0,362,-4
2015-09-24,3702,2892875,93568406,32.9,32.95,32.0,32.2,-0.5,1908,-424000,0,5,5
2015-09-25,3702,2930195,93206739,32.1,32.35,31.6,32.0,-0.2,1872,-41599,0,267,4
2015-09-30,3702,4697898,148885160,31.25,32.05,31.25,31.7,-0.3,2226,263066,0,-11,-1
2015-10-01,3702,3125884,100179165,31.7,32.3,31.7,32.1,0.4,2155,-464533,3000,-110,11
2015-10-02,3702,3087422,100573383,31.9,32.85,31.9,32.85,0.75,2050,765000,9000,-375,2
2015-10-05,3702,3262416,107313378,32.9,33.15,32.65,33.15,0.3,1946,-514810,3000,-84,1
2015-10-06,3702,3591480,119386082,33.2,33.65,33.05,33.05,-0.1,2006,-213254,0,-135,0
2015-10-07,3702,4208840,140247283,33.0,33.65,32.85,33.65,0.6,2231,902000,2000,-98,-2
2015-10-08,3702,2931375,97272525,33.5,33.55,33.0,33.0,-0.65,1838,-1057000,172000,175,107
2015-10-12,3702,4051344,136265047,33.35,33.9,33.35,33.75,0.75,2374,273086,0,-93,-4
2015-10-13,3702,3804212,128188138,33.7,33.95,33.4,33.8,0.05,2136,946041,0,-42,-50
2015-10-14,3702,3212768,108122106,33.5,33.95,33.5,33.55,-0.25,2093,38665,0,72,0
2015-10-15,3702,7490339,255206090,33.85,34.35,33.8,34.35,0.8,4228,3498600,0,-66,-50
2015-10-16,3702,4479314,152613536,34.4,34.5,33.75,33.75,-0.6,2339,-186232,3000,76,-54
2015-10-19,3702,4581061,157149085,34.0,34.5,33.95,34.45,0.7,2896,2829000,0,-219,-20
2015-10-20,3702,4880219,167589352,34.45,34.75,34.0,34.35,-0.1,2611,1555918,0,-214,2
2015-10-21,3702,2576892,87523229,34.4,34.5,33.75,33.85,-0.5,1450,619000,0,50,26
2015-10-22,3702,3308615,112453516,33.9,34.25,33.85,34.0,0.15,1283,1684000,0,28,-4
2015-10-23,3702,3432864,117309933,34.5,34.55,33.9,33.95,-0.05,1827,1012944,-92000,111,27
2015-10-26,3702,3013739,103508552,34.3,34.45,34.1,34.45,0.5,1838,1629000,0,-184,-53
2015-10-27,3702,1594048,54813044,34.5,34.5,34.2,34.5,0.05,1152,614551,0,-10,0
2015-10-28,3702,3132016,107611332,34.45,34.8,34.05,34.2,-0.3,1971,-79668,0,202,51
2015-10-29,3702,1813330,61496308,34.4,34.45,33.75,33.95,-0.25,1055,-116250,0,68,2
2015-10-30,3702,2887348,97878951,34.1,34.2,33.6,34.0,0.05,1533,1222941,0,45,-8
2015-11-02,3702,3749001,127072870,34.0,34.4,33.65,34.0,0.0,1992,729990,0,159,6
2015-11-03,3702,4810786,165714029,34.2,34.6,34.2,34.55,0.55,2589,3551487,3000,-185,-22
2015-11-04,3702,5840561,202011955,34.85,34.85,34.35,34.5,-0.05,3054,408563,9000,98,-26
2015-11-05,3702,3628231,124628811,34.5,34.6,34.25,34.6,0.1,2110,-401000,1000,23,10
2015-11-06,3702,5318140,180282022,34.35,34.4,33.7,33.8,-0.8,2267,-1218000,0,153,108
2015-11-09,3702,1872216,63236436,33.6,33.95,33.6,33.8,0.0,1332,200000,44000,-42,-12
2015-11-10,3702,4130814,136854662,33.55,33.55,32.85,32.85,-0.95,2248,-1996000,81000,243,54
2015-11-11,3702,3044782,99198456,32.85,32.95,32.3,32.6,-0.25,1771,-1168000,85000,61,21
2015-11-12,3702,2008318,65885118,32.5,33.0,32.5,32.9,0.3,1240,444000,0,-162,-24
2015-11-13,3702,2949340,95775922,32.65,32.95,32.2,32.3,-0.6,1496,-1167032,0,88,62
2015-11-16,3702,2417847,77644919,32.1,32.6,31.8,32.1,-0.2,1486,-435000,0,60,26
2015-11-17,3702,2376425,78022542,32.55,33.0,32.3,33.0,0.9,1080,626000,0,-73,9
2015-11-18,3702,2239889,72590439,33.0,33.0,32.2,32.2,-0.8,1427,-1252000,0,205,2
2015-11-19,3702,3085510,101047030,32.4,33.1,32.25,33.1,0.9,1629,1217000,0,-163,-9
2015-11-20,3702,1065587,35069767,32.9,33.0,32.8,32.9,-0.2,753,153000,0,-13,3
2015-11-23,3702,1934064,63129433,33.2,33.2,32.45,32.75,-0.15,1213,-18826,-1000,97,7
2015-11-24,3702,1911615,62033100,32.55,32.75,32.3,32.45,-0.3,1073,458976,0,63,0
2015-11-25,3702,1602244,51633273,32.5,32.6,32.1,32.25,-0.2,1102,-268000,0,62,20
2015-11-26,3702,2139856,69532629,32.5,32.75,32.3,32.4,0.15,1535,14000,0,73,-4
2015-11-27,3702,2256528,72717996,32.45,32.65,32.05,32.1,-0.3,1431,-1228000,0,147,11
2015-11-30,3702,11074421,353157564,31.9,32.75,31.5,31.6,-0.5,2554,199286,-240000,-44,-25
2015-12-01,3702,5583291,179310752,32.0,32.5,31.85,32.35,0.75,2794,1101363,-250000,120,-12
2015-12-02,3702,3710959,118746388,32.1,32.2,31.8,32.0,-0.35,2306,-1267000,-300000,183,-3
2015-12-03,3702,2083940,67023913,31.65,32.45,31.65,32.2,0.2,1366,51122,0,24,1
2015-12-04,3702,2525056,80539692,31.95,32.0,31.7,31.95,-0.25,1669,-903000,0,66,9
2015-12-07,3702,2561023,82175965,32.0,32.45,31.85,31.85,-0.1,1257,-517518,0,192,1
2015-12-08,3702,2774672,88364142,31.85,32.05,31.7,31.85,0.0,1517,-169386,0,4,-1
2015-12-09,3702,3105684,97871694,31.7,31.8,31.3,31.3,-0.55,1473,-1664000,0,191,-15
2015-12-10,3702,3844885,118869067,31.05,31.15,30.65,31.0,-0.3,1585,-1309959,-450000,110,26
2015-12-11,3702,3352258,104718198,31.5,31.55,31.0,31.0,0.0,2170,-582059,0,-93,17
2015-12-14,3702,2649093,80908722,30.65,30.8,30.25,30.45,-0.55,1386,-511599,-215202,56,0
2015-12-15,3702,2096850,63965669,30.5,30.75,30.3,30.5,0.05,1076,-1000204,0,88,1
2015-12-16,3702,1965306,60134035,30.6,30.8,30.45,30.55,0.05,873,-508713,72000,96,-22
2015-12-17,3702,1700925,52441213,30.7,30.95,30.7,30.8,0.25,1081,-245396,70000,-109,0
2015-12-18,3702,3136015,98079617,30.8,31.5,30.75,31.5,0.7,1274,62590,165000,-297,-8
2015-12-21,3702,1888968,59405129,31.0,31.7,31.0,31.55,0.05,1011,24672,30000,-94,18
2015-12-22,3702,1910654,60242571,31.55,31.65,31.35,31.6,0.05,1270,-857634,1000,161,-8
2015-12-23,3702,1255529,39898336,31.65,31.9,31.6,31.85,0.25,864,218000,0,-87,4
2015-12-24,3702,2247537,71941034,31.95,32.1,31.9,32.1,0.25,1100,311100,0,-282,1
2015-12-25,3702,2311809,73685936,32.15,32.15,31.7,32.1,0.0,910,-398000,0,20,-1
2015-12-28,3702,1884610,60407644,31.85,32.15,31.85,32.0,-0.1,864,-276882,50000,-188,0
2015-12-29,3702,2176523,69231040,32.1,32.1,31.7,31.7,-0.3,1078,-1305000,47000,109,5
2015-12-30,3702,1546593,48787412,31.8,31.9,31.35,31.45,-0.25,723,-840246,0,132,0
2015-12-31,3702,879526,27724484,31.35,31.7,31.3,31.45,0.0,471,-98000,0,-36,-14
2016-01-04,3702,4069001,125693123,31.4,31.65,30.6,30.8,-0.65,2320,-2130068,0,259,9
2016-01-05,3702,2208602,67912804,30.8,30.9,30.6,30.7,-0.1,1251,-814709,-2000,-53,-6
2016-01-06,3702,3769052,115337784,30.85,30.9,30.4,30.6,-0.1,1802,-1536697,0,65,8
2016-01-07,3702,4342072,130925437,30.6,30.6,30.0,30.1,-0.5,1946,-1948873,0,-84,30
2016-01-08,3702,2849338,86535747,30.0,30.65,30.0,30.65,0.55,1316,-651572,0,-53,12
2016-01-11,3702,2847190,86152670,30.2,30.6,30.0,30.3,-0.35,1606,-1554810,124000,-33,-22
2016-01-12,3702,2352120,71240570,30.45,30.6,30.1,30.15,-0.15,1271,-929000,68000,-61,37
2016-01-13,3702,2124162,64176638,30.35,30.45,30.05,30.25,0.1,1281,-1107992,0,110,2
2016-01-14,3702,3102076,93390348,30.0,30.35,29.9,30.3,0.05,1503,-1040427,0,0,-27
2016-01-15,3702,4951690,149346530,30.3,30.5,30.0,30.5,0.2,1795,-2431879,-12000,125,-14
2016-01-18,3702,2827400,85565744,30.0,30.55,29.9,30.4,-0.1,1718,-434936,0,-41,18
2016-01-19,3702,2131358,65122461,30.5,30.7,30.25,30.7,0.3,1456,33544,-3000,-27,1
2016-01-20,3702,3075549,93416649,30.35,30.6,30.15,30.5,-0.2,1659,279570,-12000,18,-4
2016-01-21,3702,2889110,87185852,30.55,30.55,30.05,30.05,-0.45,1583,-546000,0,174,2
2016-01-22,3702,2687145,81161485,30.35,30.4,30.05,30.35,0.3,1596,-78310,0,-30,1
2016-01-25,3702,2471976,76707490,30.4,31.3,30.4,31.3,0.95,1395,1371176,0,-335,-26
2016-01-26,3702,1451432,44968792,31.1,31.15,30.8,31.0,-0.3,933,-198000,0,3,13
2016-01-27,3702,1571012,48935513,31.15,31.35,31.0,31.2,0.2,866,435340,0,-29,0
2016-01-28,3702,2801654,88111530,31.1,31.8,31.0,31.45,0.25,1610,787721,0,-114,-23
2016-01-29,3702,4291848,137309054,31.45,32.2,31.45,32.2,0.75,1789,1878462,0,-219,-23
2016-01-30,3702,626842,20240716,32.3,32.45,32.15,32.25,0.05,353,181000,14000,-43,9
2016-02-01,3702,2741719,88530282,32.2,32.45,32.0,32.45,0.2,1565,196895,0,-75,0
2016-02-02,3702,2284878,73697911,32.35,32.45,32.1,32.2,-0.25,1358,176749,0,61,-2
2016-02-03,3702,3579022,115380252,32.05,32.4,31.95,32.4,0.2,1853,-96796,300000,-84,4
2016-02-15,3702,3862961,123876384,32.1,32.4,31.8,32.2,-0.2,2073,-133043,239,-38,0
2016-02-16,3702,3615566,116864622,32.15,32.5,32.1,32.5,0.3,1913,-476000,0,-99,-2
2016-02-17,3702,1892240,61045742,32.4,32.5,32.15,32.3,-0.2,1300,-598854,0,85,-1
2016-02-18,3702,3282269,106923583,32.5,32.8,32.4,32.7,0.4,1806,1370600,-220000,-259,-2
2016-02-19,3702,4851253,161279346,32.7,33.5,32.7,33.45,0.75,2528,2668570,-2000,-331,-22
2016-02-22,3702,3293987,110502408,33.75,34.0,33.15,33.15,-0.3,1852,189294,0,127,-2
2016-02-23,3702,2318532,77248830,33.4,33.55,33.1,33.25,0.1,1568,389545,0,-75,0
2016-02-24,3702,2652046,88228719,33.4,33.55,33.0,33.5,0.25,1665,205132,219000,-13,1
2016-02-25,3702,2841929,94670218,33.6,33.6,33.15,33.35,-0.15,2030,-196320,104000,29,0
2016-02-26,3702,3470659,117206721,33.55,33.95,33.35,33.95,0.6,1849,2076376,71000,-265,-3
2016-03-01,3702,2876730,97354687,34.0,34.05,33.6,33.85,-0.1,1760,-331073,0,-49,78
2016-03-02,3702,3751349,127755142,34.1,34.4,33.9,34.0,0.15,2048,741800,-333000,-30,2
2016-03-03,3702,3413804,116309436,34.0,34.25,33.85,34.2,0.2,1982,1348389,60000,-9,0
2016-03-04,3702,3155236,107155219,34.0,34.2,33.85,33.95,-0.25,1910,-670623,0,3,1
2016-03-07,3702,2550609,87276409,34.2,34.4,33.95,34.3,0.35,1504,1573000,0,-24,-11
2016-03-08,3702,3134908,107365985,34.35,34.5,33.85,34.5,0.2,1751,808000,1000,-115,9
2016-03-09,3702,2510445,86166000,34.4,34.5,33.9,34.45,-0.05,1284,-4000,0,33,-1
2016-03-10,3702,2112986,72532063,34.25,34.55,34.1,34.35,-0.1,1442,1018000,-522000,1,0
2016-03-11,3702,3582216,122225794,34.4,34.45,33.95,34.0,-0.35,2256,-425377,-242000,63,0
2016-03-14,3702,2828499,97247784,34.1,34.5,34.1,34.35,0.35,1627,1878000,0,-251,14
2016-03-15,3702,3161713,107549087,34.4,34.4,33.7,33.9,-0.45,1655,180000,0,109,19
2016-03-16,3702,3589440,122159773,34.15,34.15,33.9,33.95,0.05,2210,1215370,0,6,-1
2016-03-17,3702,4303900,147878764,34.25,34.5,34.15,34.4,0.45,2117,2475042,0,-308,-1
2016-03-18,3702,8104729,281089230,34.4,34.8,34.4,34.8,0.4,3004,1933015,-336000,22,-3
2016-03-21,3702,2408267,84072434,34.95,35.05,34.6,35.05,0.25,1307,1097000,254000,91,6
2016-03-22,3702,2833287,98527115,35.05,35.1,34.55,34.95,-0.1,1590,325000,0,87,-6
2016-03-23,3702,2694387,93593752,34.65,35.0,34.4,34.85,-0.1,1160,-108000,0,7,-1
2016-03-24,3702,1563971,54176783,34.6,34.85,34.4,34.75,-0.1,845,763000,0,-27,-2
2016-03-25,3702,1182221,40702271,34.85,34.85,34.3,34.35,-0.4,589,-519000,0,117,0
2016-03-28,3702,953021,32708910,34.4,34.5,34.1,34.35,0.0,515,178000,0,-51,-1
2016-03-29,3702,2525103,85722809,34.35,34.5,33.7,33.85,-0.5,1456,-48900,-1000,-16,38
2016-03-30,3702,3418248,117495773,34.0,34.5,34.0,34.4,0.55,1624,1532000,0,-244,-7
2016-03-31,3702,3232321,111196636,34.6,34.65,34.2,34.3,-0.1,1803,394920,0,3,-3
2016-04-01,3702,3955652,132971121,34.0,34.0,33.35,33.65,-0.65,2370,-2082000,0,219,-10
2016-04-06,3702,5783000,194173729,33.25,33.75,33.2,33.55,-0.1,2609,-558438,0,-65,22
2016-04-07,3702,5117995,169284022,33.25,33.3,32.9,33.1,-0.45,2063,-1496951,0,298,19
2016-04-08,3702,4761754,156991895,32.9,33.25,32.8,33.05,-0.05,2434,-1524630,281000,101,7
2016-04-11,3702,3222514,106718312,33.0,33.35,32.85,33.0,-0.05,1993,-806389,0,69,7
2016-04-12,3702,2667470,88729196,33.1,33.5,33.0,33.35,0.35,1789,486169,0,-166,5
2016-04-13,3702,4204489,141767864,33.45,34.0,33.15,34.0,0.65,2519,1613990,0,-379,0
2016-04-14,3702,2712371,92795305,34.0,34.4,33.9,34.3,0.3,1745,1325758,0,-82,3
2016-04-15,3702,2271251,78165060,34.3,34.6,33.95,34.5,0.2,1307,417046,-32000,-4,52
2016-04-18,3702,1153309,39678341,34.45,34.5,34.2,34.5,0.0,642,83000,0,10,0
2016-04-19,3702,2034012,69781402,34.5,34.7,33.9,34.4,-0.1,1121,-407641,0,41,0
2016-04-20,3702,2900535,98226566,34.5,34.55,33.5,33.7,-0.7,1780,-341588,-1000,63,0
2016-04-21,3702,2606034,88677204,33.8,34.2,33.55,34.2,0.5,1404,1106000,0,-40,-74
2016-04-22,3702,3969206,136745481,34.2,34.55,34.05,34.55,0.35,2028,2444683,0,-59,-9
2016-04-25,3702,1629820,56056286,34.45,34.55,34.05,34.35,-0.2,1151,-291188,59000,-12,-25
2016-04-26,3702,3797416,131933383,34.3,34.95,34.3,34.95,0.6,1547,1906388,0,72,-13
2016-04-27,3702,2964528,102465025,35.0,35.0,34.1,34.5,-0.45,1415,-238745,0,36,-6
2016-04-28,3702,2573278,88441244,34.6,34.65,34.1,34.55,0.05,1292,-774000,0,-57,4
2016-04-29,3702,2455346,84343543,34.5,34.5,34.15,34.5,-0.05,1491,141000,0,23,-6
2016-05-03,3702,2888792,98711185,34.45,34.45,34.0,34.4,-0.1,1575,-380091,-305000,60,-7
2016-05-04,3702,3552447,120991598,34.05,34.3,33.85,34.15,-0.25,1695,-1016885,0,47,-21
2016-05-05,3702,3962452,136245567,34.35,34.55,34.2,34.25,0.1,2025,-616000,0,50,4
2016-05-06,3702,4963346,167965289,34.05,34.1,33.6,33.6,-0.65,2993,-3060592,0,199,19
2016-05-09,3702,3071568,103045376,33.6,33.8,33.4,33.65,0.05,2036,-1323000,116000,-2,0
2016-05-10,3702,2284203,76914221,33.6,33.85,33.5,33.65,0.0,1650,-1007317,-394,-40,-6
2016-05-11,3702,3466253,116930555,33.75,33.95,33.6,33.75,0.1,2072,-1472000,0,-43,-8
2016-05-12,3702,1873819,63184588,33.55,33.85,33.55,33.8,0.05,1005,-332000,0,-58,20
2016-05-13,3702,3953573,132097564,33.6,33.65,33.25,33.4,-0.4,2246,-2315547,0,97,-1
2016-05-16,3702,1310371,43864740,33.4,33.65,33.3,33.55,0.15,993,-542000,0,-25,-6
2016-05-17,3702,1831934,61449723,33.6,33.7,33.35,33.6,0.05,1191,-710094,0,124,-2
2016-05-18,3702,3716080,126283122,33.55,34.4,33.45,34.4,0.8,2031,650031,0,-109,-26
2016-05-19,3702,3175807,107449081,34.05,34.15,33.7,33.8,-0.6,1852,-1975800,0,250,-1
2016-05-20,3702,1604993,54539558,33.8,34.25,33.8,33.9,0.1,1014,-189871,0,-41,0
2016-05-23,3702,2612093,89386229,33.8,34.45,33.7,34.4,0.5,1397,789527,0,-104,6
2016-05-24,3702,2623132,91080723,34.4,34.9,34.2,34.85,0.45,1570,1375970,0,18,-3
2016-05-25,3702,3340984,117171540,35.0,35.2,34.8,35.1,0.25,1857,1104417,0,96,-17
2016-05-26,3702,2647664,93359831,35.1,35.35,35.05,35.35,0.25,1479,1323600,48000,8,-4
2016-05-27,3702,2707999,95983602,35.35,35.55,35.25,35.55,0.2,1539,1300000,0,-163,1
2016-05-30,3702,2900754,103493921,35.55,36.0,35.4,35.85,0.3,1588,1493000,0,-495,4
2016-05-31,3702,4884982,174933346,35.9,35.95,35.5,35.85,0.0,1470,543335,0,-202,-2
2016-06-01,3702,2926070,105772971,35.8,36.4,35.7,36.35,0.5,1861,1927526,0,-12,-12
2016-06-02,3702,3907357,142433399,36.35,36.6,36.25,36.5,0.15,1932,1500732,0,-108,-1
2016-06-03,3702,3644576,133289566,36.3,36.7,36.3,36.7,0.2,1926,1298000,0,-68,-11
2016-06-04,3702,2393401,88512911,36.8,37.1,36.6,37.05,0.35,1577,81000,0,135,-38
2016-06-06,3702,4170687,154228971,37.05,37.2,36.8,37.0,-0.05,1640,323000,0,40,-9
2016-06-07,3702,6698745,250090802,37.1,37.6,37.0,37.6,0.6,3069,2218600,0,-45,-29
2016-06-08,3702,7092244,267690834,37.6,37.9,37.55,37.9,0.3,3527,2102000,0,-140,-281
2016-06-13,3702,7519589,274208224,37.5,37.7,36.0,36.4,-1.5,4457,-1998991,0,401,58
2016-06-14,3702,7566838,282987201,36.4,37.85,36.35,37.8,1.4,3884,3328000,0,-326,-307
2016-06-15,3702,5048123,189520070,37.5,37.85,37.15,37.85,0.05,3792,1128866,0,11,-16
2016-06-16,3702,5836330,217132248,37.85,37.85,36.95,37.0,-0.85,3133,-141000,0,264,5
2016-06-17,3702,5173333,191886311,37.05,37.45,36.95,37.0,0.0,2396,-351822,119000,10,-79
2016-06-20,3702,5679268,210309582,37.2,37.35,36.95,37.0,0.0,2105,-259552,0,-49,34
2016-06-21,3702,9996910,369910921,37.2,37.2,36.9,37.0,0.0,2632,-1285951,970000,240,-4
2016-06-22,3702,3990055,147947635,37.1,37.15,36.95,37.15,0.15,1352,1193352,0,-1,41
2016-06-23,3702,4545363,168222288,37.2,37.3,36.85,37.0,-0.15,1353,190000,970000,-179,9
2016-06-24,3702,4681153,172547430,37.2,37.7,36.3,36.55,-0.45,2243,229000,66000,41,22
2016-06-27,3702,1263384,46374623,36.6,36.9,36.5,36.9,0.35,836,488302,59000,-17,17
2016-06-28,3702,3636569,132758354,36.65,36.8,36.35,36.5,-0.4,1727,-1016966,0,61,31
2016-06-29,3702,3953384,145040034,36.6,36.8,36.6,36.7,0.2,2355,174935,0,21,0
2016-06-30,3702,5977094,222615643,36.85,37.45,36.7,37.45,0.75,2256,1378485,300000,-305,0
2016-07-01,3702,4217853,157873410,37.7,37.7,37.3,37.4,-0.05,1756,-238029,0,-24,0
2016-07-04,3702,2863107,107182527,37.2,37.6,37.05,37.45,0.05,1459,-235000,0,-7,2
2016-07-05,3702,2976544,111351333,37.45,37.5,37.1,37.4,-0.05,1656,-246000,0,-53,5
2016-07-06,3702,5915154,222105902,37.4,37.8,37.3,37.7,0.3,3453,291569,0,-12,0
2016-07-07,3702,4274201,161560198,37.8,37.9,37.5,37.85,0.15,2558,-147438,0,-6,0
2016-07-11,3702,9110934,352718332,38.0,39.35,37.95,38.95,1.1,3292,3403446,450000,261,-8
2016-07-12,3702,17554928,692371646,39.2,39.9,38.9,39.0,0.05,6799,-4241870,1344000,846,18
2016-07-13,3702,7433076,289343387,39.0,39.3,38.55,39.3,0.3,3603,1905000,0,-152,-10
2016-07-14,3702,6381584,252353085,39.35,39.75,39.2,39.55,0.25,2519,949732,1629000,-756,3
2016-07-15,3702,10309803,411831127,39.8,40.2,39.7,40.2,0.65,4133,3713000,250000,43,34
2016-07-18,3702,6192820,248069699,40.1,40.3,39.9,40.1,-0.1,2549,2297000,928000,128,114
2016-07-19,3702,8564366,345687008,40.3,40.5,40.1,40.5,0.4,3277,5623000,-178000,134,28
2016-07-20,3702,10091790,410470931,40.6,40.8,40.4,40.75,0.25,3889,4768000,1665000,-6,-9
2016-07-21,3702,9755150,399412079,40.75,41.1,40.75,40.9,0.15,4044,2234500,1321000,-85,32
2016-07-22,3702,8376678,343117208,40.65,41.1,40.65,41.0,0.1,3749,5546543,192000,-132,25
2016-07-25,3702,5120050,207044052,41.0,41.0,40.15,40.6,-0.4,2376,1114000,143000,249,96
2016-07-26,3702,7829816,318023190,40.55,40.7,40.4,40.7,0.1,2399,5160000,9000,0,352
2016-07-27,3702,5923690,240904985,40.7,40.75,40.5,40.75,0.05,1869,834040,-2000,-113,0
2016-07-28,3702,4968849,201793223,40.6,40.7,40.5,40.6,-0.15,2323,1143097,215000,-11,0
2016-07-29,3702,9723403,393873610,40.6,40.6,40.35,40.6,0.0,3358,125000,1594112,281,0
2016-08-01,3702,11588638,446445292,38.7,38.75,38.3,38.4,0.0,3377,3275032,1060000,750,-1231
2016-08-02,3702,15040716,590965042,38.8,40.0,38.8,40.0,1.6,7432,3525881,608000,1554,-1984
2016-08-03,3702,12263539,476758692,39.15,39.2,38.3,38.8,-1.2,5289,-1607117,-1644000,610,-998
2016-08-04,3702,6502184,251697870,38.8,39.0,38.35,38.9,0.1,2950,2313000,-1000,-69,-695
2016-08-05,3702,5655659,220836241,39.05,39.25,38.85,39.05,0.15,2818,2905870,-2000,-82,-179
2016-08-08,3702,4837212,187274263,39.2,39.25,38.35,38.95,-0.1,2224,1123649,-754000,44,-30
2016-08-09,3702,5285763,205557707,38.95,39.1,38.75,39.1,0.15,2731,3318000,-286000,-364,-51
2016-08-10,3702,8657460,334455222,38.9,38.9,38.4,38.75,-0.35,2772,4950527,0,230,11
2016-08-11,3702,6335867,243180631,38.65,38.65,38.25,38.4,-0.35,2629,1677000,-1000,93,-76
2016-08-12,3702,6154421,236284057,38.55,38.55,38.25,38.45,0.05,3116,3598000,-257000,-189,-249
2016-08-15,3702,5501805,209321890,38.45,38.5,37.9,38.0,-0.45,2116,1215080,-625000,37,83
2016-08-16,3702,6375979,243875333,38.25,38.3,38.05,38.3,0.3,3504,2193000,-5000,-125,-49
2016-08-17,3702,6642841,253633465,38.3,38.45,38.0,38.25,-0.05,3211,3044445,8000,54,-228
2016-08-18,3702,8029419,308374494,38.2,38.75,38.05,38.75,0.5,3207,2727292,-2000,-93,-228
2016-08-19,3702,5159174,198960171,38.75,38.9,38.4,38.4,-0.35,2318,947503,-196000,137,-88
2016-08-22,3702,3236352,123334167,38.4,38.4,37.9,38.25,-0.15,1712,1292640,-140000,-22,-30
2016-08-23,3702,3111519,118544272,38.05,38.2,38.0,38.1,-0.15,1720,1465040,9000,53,-1
2016-08-24,3702,2292073,87424572,38.25,38.3,38.05,38.25,0.15,1477,912052,-104000,170,-3
2016-08-25,3702,3146843,120486433,38.25,38.45,38.1,38.45,0.2,1890,1467400,0,-129,-107
2016-08-26,3702,3647704,139198796,38.25,38.4,38.05,38.2,-0.25,1711,-199339,0,405,54
2016-08-29,3702,3465592,131356200,38.0,38.2,37.7,37.95,-0.25,1623,-135000,12000,149,-50
2016-08-30,3702,4044475,152541019,38.0,38.0,37.6,37.75,-0.2,1868,107423,17000,4,-49
2016-08-31,3702,10106660,378348345,37.6,37.75,37.05,37.75,0.0,2930,2886575,-465000,-334,-62
2016-09-01,3702,3289517,122770775,37.75,37.75,37.15,37.4,-0.35,1862,-199439,-531000,304,25
2016-09-02,3702,3491949,129288858,37.4,37.55,36.9,36.95,-0.45,1693,127095,-63000,-175,4
2016-09-05,3702,4212494,155412841,36.9,37.25,36.65,37.0,0.05,1579,830000,0,207,0
2016-09-06,3702,4150767,154763348,37.0,37.55,36.9,37.5,0.5,1662,1579000,0,-78,-242
2016-09-07,3702,3007857,112727694,37.5,37.7,37.25,37.3,-0.2,1676,351162,0,51,-112
2016-09-08,3702,4357885,158562471,37.5,37.65,37.25,37.65,0.35,1582,758983,-2000,-92,-191
2016-09-09,3702,5751631,217073061,37.65,37.9,37.5,37.85,0.2,2440,121000,0,516,-376
2016-09-10,3702,2016498,75247766,37.25,37.5,37.25,37.3,-0.55,724,-310000,0,570,1
2016-09-12,3702,4320350,159552223,37.15,37.15,36.8,36.8,-0.5,2041,-1531064,-3000,-75,240
2016-09-13,3702,5232396,191209193,36.8,37.0,36.3,36.35,-0.45,2552,-894135,-15000,29,1
2016-09-14,3702,4946016,178708576,36.2,36.6,36.0,36.0,-0.35,2148,-1572204,-153000,160,82
2016-09-19,3702,6919102,249998860,36.25,36.45,35.95,36.1,0.1,3219,-1168563,-800000,79,93
2016-09-20,3702,2743929,99692804,36.2,36.5,36.2,36.5,0.4,1859,334556,0,-92,-114
2016-09-21,3702,3191995,116424507,36.5,36.65,36.3,36.6,0.1,2162,-596000,0,64,-79
2016-09-22,3702,2439157,89014921,36.7,36.75,36.35,36.5,-0.1,1315,71000,0,-10,-14
2016-09-23,3702,5056565,187533564,36.6,37.4,36.55,37.4,0.9,2701,2856000,360000,-341,-340
2016-09-26,3702,3616445,135230611,37.4,37.55,37.05,37.4,0.0,2044,-720224,0,-139,-52
2016-09-29,3702,4479520,168683943,37.75,37.8,37.5,37.65,0.25,2575,1616945,-170000,-163,-67
2016-09-30,3702,3870358,143332520,37.6,37.6,36.65,37.1,-0.55,1793,-421391,1918,264,95
2016-10-03,3702,1486415,55070105,37.3,37.3,36.95,37.0,-0.1,827,83571,0,-57,29
2016-10-04,3702,3458501,128916101,37.25,37.45,37.1,37.45,0.45,2040,2459724,-184000,-95,-69
2016-10-05,3702,1516443,56437595,37.15,37.35,37.1,37.35,-0.1,581,271953,0,33,4
2016-10-06,3702,1770253,65753177,37.35,37.35,37.1,37.1,-0.25,1243,83540,-220000,79,0
2016-10-07,3702,2078466,76737510,37.1,37.35,36.8,36.8,-0.3,1200,-544000,0,21,41
2016-10-11,3702,2252584,82807170,37.3,37.3,36.5,36.7,-0.1,1227,464207,-183000,0,3
2016-10-12,3702,1984530,72601203,36.7,36.75,36.45,36.55,-0.15,1128,-252480,0,103,-19
2016-10-13,3702,4684425,171503104,36.55,36.9,36.5,36.9,0.35,2569,959000,-1214000,-14,1
2016-10-14,3702,1604740,58734954,36.8,36.85,36.5,36.5,-0.4,907,-154000,29000,46,-8
2016-10-17,3702,3066784,111925930,36.6,36.85,36.2,36.85,0.35,1729,573290,0,-83,-18
2016-10-18,3702,3543194,131685339,36.8,37.45,36.7,37.4,0.55,1583,2331146,0,-251,-238
2016-10-19,3702,3200322,119603116,37.45,37.55,37.25,37.4,0.0,2100,482075,-960000,17,-100
2016-10-20,3702,2753585,102136895,37.4,37.4,36.9,37.0,-0.4,1647,178610,-884000,131,5
2016-10-21,3702,2945514,108756905,36.9,37.2,36.85,36.85,-0.15,854,-282937,-51000,53,5
2016-10-24,3702,2410292,88497708,36.9,37.05,36.6,36.85,0.0,1250,-235660,-888000,194,17
2016-10-25,3702,2507125,92654153,36.85,37.2,36.7,37.15,0.3,1409,586946,-350000,-225,-8
2016-10-26,3702,1523367,56390579,36.9,37.15,36.9,37.0,-0.15,725,-142000,0,111,0
2016-10-27,3702,1511867,55701551,37.0,37.05,36.75,36.8,-0.2,899,-489975,0,143,20
2016-10-28,3702,1406619,51828883,36.75,36.95,36.75,36.9,0.1,740,302000,0,15,-1
2016-10-31,3702,1874006,68955972,36.65,37.0,36.5,37.0,0.1,967,-90492,0,-134,-1
2016-11-01,3702,2428957,89514462,36.7,37.0,36.6,36.9,-0.1,1496,-750098,-244000,274,1
2016-11-02,3702,5366368,199483123,36.9,37.4,36.8,37.25,0.35,2808,-975688,-951,106,-170
2016-11-03,3702,3601280,133241360,37.2,37.2,36.8,36.8,-0.45,1711,-616845,400000,-245,5
2016-11-04,3702,4161617,154310160,36.85,37.3,36.7,37.25,0.45,2084,-1062000,0,480,-28
2016-11-07,3702,9905806,373973422,37.45,37.9,37.45,37.7,0.45,4704,1162170,200000,716,-948
2016-11-08,3702,10895475,415689931,38.05,38.3,37.95,38.2,0.5,4757,5140600,641000,-395,-1636
2016-11-09,3702,9794969,372232407,38.65,38.7,37.55,37.85,-0.35,4471,794000,72000,7,-182
2016-11-10,3702,7344932,281431440,38.45,38.6,38.15,38.25,0.4,3197,-600000,0,682,-83
2016-11-11,3702,8322257,312017080,37.75,37.8,37.2,37.5,-0.75,4031,-911516,-119000,-86,168
2016-11-14,3702,3951971,148501949,37.45,37.8,37.3,37.5,0.0,1969,-171000,20000,66,-61
2016-11-15,3702,2784752,104749145,37.5,37.8,37.45,37.5,0.0,1736,-102358,78000,-45,-31
2016-11-16,3702,6020711,227489581,37.6,38.0,37.6,37.8,0.3,3089,2588170,0,-269,-30
2016-11-17,3702,4644506,175534215,38.0,38.0,37.6,37.8,0.0,2715,2580498,-200000,31,3
2016-11-18,3702,2994163,113134874,37.95,38.0,37.7,37.7,-0.1,2005,362095,-145000,50,9
2016-11-21,3702,3821801,144350108,37.85,37.95,37.65,37.65,-0.05,2487,678392,-100000,66,39
2016-11-22,3702,8115737,310245004,37.9,38.35,37.8,38.3,0.65,4041,3121513,102000,-82,-473
2016-11-23,3702,5367511,205726372,38.45,38.5,38.2,38.25,-0.05,2805,1938806,0,150,-391
2016-11-24,3702,5127681,196374756,38.25,38.45,38.0,38.2,-0.05,1980,1040439,50000,577,-252
2016-11-25,3702,4738576,181878899,38.4,38.5,38.25,38.35,0.15,2386,1413000,50000,616,-421
2016-11-28,3702,15735516,612842073,38.5,39.3,38.5,39.15,0.8,5823,3132000,0,1989,-2114
2016-11-29,3702,8162895,317884812,39.15,39.25,38.65,38.8,-0.35,3587,-449420,62000,813,-1007
2016-11-30,3702,12931849,505344792,38.85,39.45,38.7,39.45,0.65,4224,5248515,-491000,-437,-987
2016-12-01,3702,24166644,965836295,39.85,40.3,39.65,39.65,0.2,9495,-658400,-254000,551,-693
2016-12-02,3702,9990929,389729009,39.25,39.35,38.7,39.0,-0.65,5081,-3224956,0,297,-1
2016-12-05,3702,10442850,399798466,39.0,39.0,37.9,38.05,-0.95,4856,747412,0,-350,-37
2016-12-06,3702,9005998,344287505,38.15,38.5,38.1,38.2,0.15,4071,607516,-422000,48,-280
2016-12-07,3702,8498684,322315276,38.25,38.3,37.7,37.75,-0.45,3988,-530000,0,-346,2
2016-12-08,3702,9223381,352400057,37.9,38.5,37.8,38.5,0.75,4263,5292000,-65000,-1333,-330
2016-12-09,3702,5616813,216258872,38.5,38.65,38.35,38.4,-0.1,2168,885352,0,-61,-511
2016-12-12,3702,4126424,157753148,38.5,38.5,38.05,38.1,-0.3,1688,316000,-1577000,-14,-54
2016-12-13,3702,5533931,213068037,38.15,38.6,38.05,38.6,0.5,2105,499452,0,-500,-27
2016-12-14,3702,5342913,205987729,38.7,38.7,38.35,38.55,-0.05,2200,1182809,50000,36,-14
2016-12-15,3702,3835126,148119854,38.5,38.8,38.45,38.65,0.1,1787,304000,0,-141,-126
2016-12-16,3702,5767000,222364147,38.6,38.75,38.45,38.55,-0.1,1826,365488,-153100,68,-1
2016-12-19,3702,3108874,119308963,38.55,38.55,38.2,38.3,-0.25,1413,46547,0,-166,11
2016-12-20,3702,3304130,126450801,38.3,38.4,38.2,38.2,-0.1,1421,110657,0,-11,-16
2016-12-21,3702,5317135,202265030,38.25,38.35,37.9,38.0,-0.2,3237,-411043,0,73,71
2016-12-22,3702,2811140,106257532,37.9,37.95,37.7,37.7,-0.3,1150,-443499,0,-12,-3
2016-12-23,3702,3684534,137999035,37.65,37.65,37.35,37.45,-0.25,1675,-763000,-175000,-186,41
2016-12-26,3702,1582751,58982140,37.45,37.5,37.2,37.35,-0.1,919,99000,-330000,-85,1
2016-12-27,3702,1009143,37858122,37.3,37.65,37.25,37.55,0.2,611,-48000,0,48,-4
2016-12-28,3702,1900858,71717081,37.4,37.85,37.4,37.85,0.3,858,-9000,0,-100,-93
2016-12-29,3702,1841962,69481315,37.8,37.9,37.6,37.6,-0.25,1065,-304256,0,100,1
2016-12-30,3702,1897824,72026542,37.8,38.05,37.75,38.0,0.4,1059,704335,0,-267,-88
